"fila_excel","codigo","grupo_atq","subgrupo_atq","correlativo","medicamento","forma_farmaceutica","concentracion","clasificacion_atq","uso_restringido","precio_referencial","aclaracion_particularidades","es_valido","motivo_invalidacion"
"4","J0501","J","5","1","Abacavir","Comprimido","300 mg","J05AF06","","2.89","","True",""
"5","J0550","J","5","50","Abacavir sulfato + Lamivudina","Comprimido dispersable","120 mg + 60 mg","J05AR02","R","0.63","","True",""
"6","L0209","L","2","9","Abiraterona Acetato","Comprimido","250 mg","L02BX03","R","83.62","","True",""
"7","A0601","A","6","1","Aceite mineral","Emulsión oral","0.4","A06AG06","","38.644189765458421","100 ml","True",""
"8","A1101","A","11","1","Aceite vitaminado (alimento)","Emulsión oral","Según disponibilidad","A11CB**","","10.453636363636363","1 L","True",""
"9","C0301","C","3","1","Acetazolamida","Comprimido","250 mg","C03**","","1.8945933473433005","","True",""
"10","V0301","V","3","1","Acetil Cisteina","Inyectable","0.1","V03AB23","","13.39","3 ml","True",""
"11","D0603","D","6","3","Aciclovir","Crema dérmica","0.05","D06BB03","","20.8","5 g","True",""
"12","J0504","J","5","4","Aciclovir","Comprimido","400 mg","J05AB01","","2.6112723696583804","","True",""
"13","J0530","J","5","30","Aciclovir","Suspensión","200 mg/5 ml","J05AB01","","79.47900927745988","100 ml","True",""
"14","J0542","J","5","42","Aciclovir","Comprimido","200 mg","J05AB01","","2.5099999999999998","","True",""
"15","J0543","J","5","43","Aciclovir","Comprimido","800 mg","J05AB01","","8.2133333333333329","","True",""
"16","J0544","J","5","44","Aciclovir","Inyectable","250 mg","J05AB01","","47.5","","True",""
"17","J0545","J","5","45","Aciclovir","Inyectable","500 mg","J05AB01","","74.38","","True",""
"18","S0101","S","1","1","Aciclovir","Crema o Pomada oftálmica","0.03","S01AD03","","31.783055555555553","5 g","True",""
"19","G0101","G","1","1","Ácido acético (Ácido tricloroacético)","Solución tópica","0.5","G01AD02","","74.06","5 ml","True",""
"20","B0101","B","1","1","Ácido acetil salicílico","Comprimido","100 mg","B01AC06","","0.39618355985401865","","True",""
"21","N0201","N","2","1","Ácido acetil salicílico","Comprimido","500 mg","N02BA01","","0.32","","True",""
"22","M0503","M","5","3","Ácido Alendrónico (Alendronato)","Comprimido","70 mg","M05BA04","","6.65","","True",""
"23","B0201","B","2","1","Ácido aminocapróico","Inyectable","2g /10 ml","B02AA01","","60.32","10 ml","True",""
"24","A1102","A","11","2","Ácido Ascorbico (Vitamina C)","Inyectable","500 mg/ml (2 ml)","A11GA01","","3.06","1 ml","True",""
"25","A1103","A","11","3","Ácido Ascórbico (Vitamina C)","Solución oral gotas","Según disponibilidad","A11GA01","","16.115000000000002","30 ml","True",""
"26","V0317","V","3","17","Ácido dimercaptosuccinico","Capsula","100 mg","V03AX","R","84.45","","True",""
"27","V0318","V","3","18","Ácido dimercaptosuccinico","Capsula","200 mg","V03AX","R","168.9","","True",""
"28","B0301","B","3","1","Ácido fólico","Comprimido","5 mg","B03BB01","","0.5","","True",""
"29","B0310","B","3","10","Ácido Fólico","Comprimido","800 mcg","B03BB01","","0.64","","True",""
"30","V0812","V","8","12","Ácido Gadotérico","Inyectable","0.5 mmol/ml","V08CA02","","557.35","15 ml","True",""
"31","J0101","J","1","1","Ácido nalidíxico","Comprimido","500 mg","J01MB02","","2.31","","True",""
"32","J0102","J","1","2","Ácido nalidíxico","Suspensión","250 mg/5 ml","J01MB02","","41.844999999999999","120 ml","True",""
"33","J0103","J","1","3","Ácido nalidíxico","Suspensión","125 mg/5 ml","J01MB02","","20","120 ml","True",""
"34","J0411","J","4","11","Acido p-aminosalicilico","Polvo para solución oral","4 g","J04AA01","","14.33","","True",""
"35","D0101","D","1","1","Ácido salicílico","Solución tópica","0.05","D01AE12","","27.1","","True",""
"36","B0206","B","2","6","Ácido Tranexámico","Inyectable","500 mg","B02AA02","R","26.574285714285715","","True",""
"37","B0207","B","2","7","Ácido Tranexámico","Comprimido","500 mg","B02AA02","","10","","True",""
"38","A0501","A","5","1","Ácido Ursodeoxicólico","Cápsula","250 mg","A05AA02","","9.27","","True",""
"39","N0301","N","3","1","Ácido Valpróico ó Valproato sódico","Jarabe o Solución oral","200 mg/5 ml","N03AG01","","103.42800796812749","40 ml","True",""
"40","N0302","N","3","2","Ácido Valpróico ó Valproato sódico","Jarabe o Solución oral","250 mg/5 ml","N03AG01","","164.25","100 ml","True",""
"41","N0303","N","3","3","Ácido Valpróico ó Valproato sódico","Cápsula o Comprimido","500 mg","N03AG01","","10.16","","True",""
"42","N0322","N","3","22","Ácido Valpróico ó Valproato sódico","Jarabe o Solución Oral","200 mg/ml","N03AG01","","148.94","40 ml","True",""
"43","M0504","M","5","4","Ácido Zoledrónico","Inyectable","4 mg","M05BA08","R","555.93847583643128","","True",""
"44","C0101","C","1","1","Adenosina","Inyectable","6 mg/2 ml","C01EB10","","85.39","","True",""
"45","B0512","B","5","12","Agentes con gelatina","Solución parenteral de gran volúmen","Según disponibilidad","B05AA06","","294.48500000000001","500 ml","True",""
"46","B0501","B","5","1","Agua para inyección","Inyectable","5 ml","B05X**","","1","","True",""
"47","P0201","P","2","1","Albendazol","Comprimido","200 mg","P02CA03","","1.21","","True",""
"48","P0202","P","2","2","Albendazol","Suspensión","200 mg/5 ml","P02CA03","","11.25","10 ml","True",""
"49","B0502","B","5","2","Albúmina humana","Inyectable","0.2","B05AA01","","756","","True",""
"50","D0801","D","8","1","Alcohol etílico (Etanol)","Solución 1 l","70% a 95%","D08AX08","","41.204999999999998","1 L","True",""
"51","V0602","V","6","2","Alimentos Terapéutico Listo para Uso (ATLU)","Polvo, pasta o Granulado según disponibilidad","Según concentración estándar","V06DB**","","9.7200000000000006","","True",""
"52","M0401","M","4","1","Alopurinol","Comprimido","300 mg","M04AA01","","0.745","","True",""
"53","N0501","N","5","1","Alprazolam","Comprimido ranurado","0,5 mg","N05BA12","","0.94","","True",""
"54","J0201","J","2","1","Amfotericina B","Inyectable","50 mg","J02AA01","","201.16","","True",""
"55","J0104","J","1","4","Amikacina","Inyectable","500mg /2 ml","J01GB06","","8.5953108202851141","2 ml","True",""
"56","B0503","B","5","3","Aminoácidos","Solución parenteral de gran volumen","0.1","B05BA01","","176.69699085773749","500ml","True",""
"57","R0301","R","3","1","Aminofilina","Inyectable","250 mg / 10 ml","R03DA05","","8.1199999999999992","","True",""
"58","R0302","R","3","2","Aminofilina","Comprimido","200 mg","R03DA05","","1","","True",""
"59","C0102","C","1","2","Amiodarona (clorhidrato)","Comprimido","200 mg","C01BD01","","3.6649313207118084","","True",""
"60","C0103","C","1","3","Amiodarona (clorhidrato)","Inyectable","50 mg/ml","C01BD01","","10.94","","True",""
"61","N0601","N","6","1","Amitriptilina","Comprimido ranurado","25 mg","N06AA09","","0.64500000000000002","","True",""
"62","C0807","C","8","7","Amlodipina","Comprimido","10 mg","C08CA01","","1.3351327333333249","","True",""
"63","J0105","J","1","5","Amoxicilina","Comprimido","1 g","J01CA04","","1.7050000000000001","1 g","True",""
"64","J0106","J","1","6","Amoxicilina","Comprimido","500 mg","J01CA05","","0.78","","True",""
"65","J0108","J","1","8","Amoxicilina","Inyectable","1 g","J01CA06","","8.2561615383814946","","True",""
"66","J0157","J","1","57","Amoxicilina","Suspensión","500 mg/5 ml","J01CA07","","17.91","60 ml","True",""
"67","J0109","J","1","9","Amoxicilina + inhibidor betalactamasa","Comprimido","500 mg + Según disponibilidad","J01CR02","","6.36","500 Mg/125 Mg","True",""
"68","J0110","J","1","10","Amoxicilina + inhibidor betalactamasa","Suspensión","250 mg + Según disponibilidad","J01CR02","","75.335000000000008","100 ml","True",""
"69","J0111","J","1","11","Amoxicilina + inhibidor betalactamasa","Inyectable","1 g + Según disponibilidad","J01CR02","","48","1 g + 500 Mg","True",""
"70","J0171","J","1","71","Amoxicilina + inhibidor betalactamasa","Comprimido","875 mg + Según disponibilidad","J01CR03","","9.5850000000000009","","True",""
"71","J0112","J","1","12","Ampicilina","Inyectable","1 g","J01CA01","","7.8710975917567403","","True",""
"72","L0201","L","2","1","Anastrozol","Comprimido","1 mg","L02BG03","","10.448809523809524","","True",""
"73","R0501","R","5","1","Antigripal (Paracetamol + Antihistamínico + Vasoconstrictor con o sin Cafeína)","Comprimido","Según disponibilidad","R05X**","","0.72","","True",""
"74","J0601","J","6","1","Antitóxina tetánica","Inyectable","Norma PAI según disponibilidad","J06AA02","","50.24","","True",""
"75","N0515","N","5","15","Aripiprazol","Comprimido","10 mg","N05AX12","R","10.3025","","True",""
"76","N0516","N","5","16","Aripiprazol","Comprimido","15 mg","N05AX12","R","11.342499999999999","","True",""
"77","P0123","P","1","23","Artemeter + Lumefantrina","Comprimido","20 mg + 120 mg","P01BF01","","0.3","","True",""
"78","P0101","P","1","1","Artesunato","Comprimido","50 mg","P01BE03","","3.67","","True",""
"79","P0124","P","1","24","Artesunato","Inyectable","60 mg","P01BE03","","3.31","","True",""
"80","P0121","P","1","21","Artesunato + Mefloquina","Comprimido","25 mg + 55 mg","P01BE03","","1.1499999999999999","","True",""
"81","P0122","P","1","22","Artesunato + Mefloquina","Comprimido","100 mg + 220 mg","P01BE03","","2.33","","True",""
"82","L0121","L","1","21","Asparaginasa","Inyectable","10.000 UI","L01XX02","","1626.25","","True",""
"83","J0531","J","5","31","Atazanavir (sulfato)","Cápsula o Comprimido","300 mg","J05AE08","R","7.47","","True",""
"84","J0539","J","5","39","Atazanavir + Ritonavir","Cápsula o Comprimido","300 mg + 100 mg","J05AR**","","6.07","","True",""
"85","C0701","C","7","1","Atenolol","Comprimido ranurado","100 mg","C07AB03","","0.625","","True",""
"86","C1001","C","10","1","Atorvastatina","Comprimido","10 mg","C10AA05","","1.4217363071710896","","True",""
"87","C1005","C","10","5","Atorvastatina","Comprimido","20 mg","C10AA05","","1.17","","True",""
"88","M0301","M","3","1","Atracurio besilato","Inyectable","10 mg/ml","M03AC04","","27","","True",""
"89","A0301","A","3","1","Atropina sulfato","Inyectable","1 mg/ml","A03BA01","","3.63","","True",""
"90","S0102","S","1","2","Atropina sulfato","Solución oftálmica","0.01","S01FA01","","29.6","","True",""
"91","L0401","L","4","1","Azatioprina","Comprimido","50 mg","L04AX01","","2.8499999999999996","","True",""
"92","L0402","L","4","2","Azatioprina","Inyectable","20 mg/ml","L04AX01","","214.77","","True",""
"93","J0113","J","1","13","Azitromicina","Comprimido","500 mg","J01FA10","","7.8273820930216882","","True",""
"94","J0162","J","1","62","Azitromicina","Suspensión","200 mg/5 ml","J01FA10","","32.11","30 ml","True",""
"95","D0102","D","1","2","Bacitracina + Neomicina sulfato","Crema o Pomada","500 UI + 5 mg/g","D01AA20","","10.60349964755002","10 g","True",""
"96","L0409","L","4","9","Basiliximab","Polvo para inyectable","20 mg","L04AA09","R","16013.62","","True",""
"97","R0303","R","3","3","Beclometasona dipropionato","Aerosol","50 mcg/inhalación","R03BA01","","88.65228321863421","200 dósis","True",""
"98","J0418","J","4","18","Bedaquilina","Comprimido","100 mg","J04AK05","","53.05","","True",""
"99","J0114","J","1","14","Bencilpenicilina benzatínica","Inyectable","600.000 UI","J01CE08","","5.09","","True",""
"100","J0115","J","1","15","Bencilpenicilina benzatínica","Inyectable","1.200.000 UI","J01CE09","","6","","True",""
"101","J0116","J","1","16","Bencilpenicilina benzatínica","Inyectable","2.400.000 UI","J01CE10","","13.243018186629964","","True",""
"102","J0117","J","1","17","Bencilpenicilina procaínica","Inyectable","400.000 UI","J01CE09","","5.83","","True",""
"103","J0118","J","1","18","Bencilpenicilina procaínica","Inyectable","800.000 UI","J01CE10","","6.84","","True",""
"104","J0119","J","1","19","Bencilpenicilina sódica","Inyectable","1.000.000 UI","J01CE01","","5.4","","True",""
"105","J0120","J","1","20","Bencilpenicilina sódica","Inyectable","30.000.000 UI","J01CE01","","35.6","","True",""
"106","P0102","P","1","2","Benznidazol","Comprimido","100 mg","P01CA02","","8.5350000000000001","","True",""
"107","P0125","P","1","25","Benznidazol","Comprimido","12,5 mg","P01CA02","","1.07","","True",""
"108","P0128","P","1","28","Benznidazol","Comprimido","50 mg","P01CA02","","4.1500000000000004","","True",""
"109","P0301","P","3","1","Benzoato de bencilo","Solución o Loción","20% o 25%","P03AX01","","10.25","100 ml","True",""
"110","H0201","H","2","1","Betametasona (fosfato)","Inyectable","4 mg","H02AB01","","11.836874999999999","","True",""
"111","D0701","D","7","1","Betametasona (valerato)","Crema o Pomada","0,1%","D07AC01","","9.48","15 g","True",""
"112","L0136","L","1","36","Bevacizumab","Inyectable","25 mg/ml","L01XC07","","4517.9885625000006","","True",""
"113","L0212","L","2","12","Bicalutamida","Comprimido","50 mg","L02BB03","R","8.75","","True",""
"114","A0101","A","1","1","Bicarbonato de sodio","Polvo","20 g","A01AB11","","2.105","","True",""
"115","B0504","B","5","4","Bicarbonato de sodio","Inyectable","0.08","B05XA02","","9.4937176538240369","","True",""
"116","B0505","B","5","5","Bicarbonato de sodio p/hemodiálisis","Polvo","Frasco por 720 g","B05CB04","","189.42","","True",""
"117","N0401","N","4","1","Biperideno clorhidrato","Comprimido","4 mg","N04AA02","","5.9849999999999994","","True",""
"118","A0602","A","6","2","Bisacodilo","Comprimido","5 mg","A06AB02","","0.97","","True",""
"119","C0706","C","7","6","Bisoprolol","Comprimido","5 mg","C07AB07","","2.96","","True",""
"120","L0101","L","1","1","Bleomicina","Inyectable","15 UI","L01DC01","","412.24","","True",""
"121","L0155","L","1","55","Bortezomib","Polvo para inyectable","3,5 mg","L01XX32","R","5000","","True",""
"122","G0201","G","2","1","Bromocriptina","Comprimido","2,5 mg","G02CB01","","4.47","","True",""
"123","R0312","R","3","12","Budesonida","Aerosol","100 mcg","R03BA02","","129.655","20 ml","True",""
"124","N0101","N","1","1","Bupivacaina clorhidrato","Inyectable","0,5%","N01BB01","","18","","True",""
"125","N0102","N","1","2","Bupivacaina clorhidrato (pesada)","Inyectable","0,5%","N01BB01","","13.589185552056392","","True",""
"126","N0103","N","1","3","Bupivacaina clorhidrato con Epinefrina sin conservante","Inyectable","0,5% 1:200.000","N01BB51","","41.365000000000002","20 ml","True",""
"127","L0102","L","1","2","Busulfano","Comprimido","2 mg","L01AB01","","9.39","","True",""
"128","A0302","A","3","2","Butilbromuro de Hioscina (Butilescopolamina)","Comprimido","10 mg","A03BB01","","2.1","","True",""
"129","A0303","A","3","3","Butilbromuro de Hioscina (Butilescopolamina)","Solución oral gotas","0,1%","A03BB01","","25.4","","True",""
"130","A0304","A","3","4","Butilbromuro de Hioscina (Butilescopolamina)","Inyectable","20 mg/ml","A03BB01","","4.9560093925347655","","True",""
"131","G0211","G","2","11","Cabergolina","Comprimido","0,5 mg","G02CB03","","53.794668010846138","","True",""
"132","N0609","N","6","9","Cafeína Citrato","Inyectable","20 mg/ml","N06BC01","","120","3 ml","True",""
"133","A1201","A","12","1","Calcio (carbonato o citrato)","Comprimido","500 mg (ión calcio)","A12AA04","","1.39","","True",""
"134","A1202","A","12","2","Calcio + Vitamina D","Comprimido o Cápsula","500 mg (ión calcio); Según disponibilidad","A12AX**","","1.6600000000000001","","True",""
"135","L0103","L","1","3","Capecitabine","Comprimido","500 mg","L01BC06","","15.124508718726325","","True",""
"136","J0412","J","4","12","Capreomicina","Inyectable","1 g","J04AB30","","41.48","","True",""
"137","N0304","N","3","4","Carbamazepina","Comprimido","200 mg","N03AF01","","0.97763209541062812","","True",""
"138","H0105","H","1","5","Carbetocina","Inyectable","100 mcg/ml","H01BB03","R","408.41","","True",""
"139","A0701","A","7","1","Carbón medicinal activado","Polvo","Según disponibilidad","A07BA01","","2.77","","True",""
"140","L0104","L","1","4","Carboplatino","Inyectable","450 mg","L01XA02","","734.71220575221241","","True",""
"141","L0132","L","1","32","Carboplatino","Inyectable","150 mg","L01XA02","","391.63499999999999","","True",""
"142","C0704","C","7","4","Carvedilol","Comprimido","6,25 mg","C07AG02","","1.9314629629629643","","True",""
"143","C0705","C","7","5","Carvedilol","Comprimido","12,5 mg","C07AG02","","2.2020244626047139","","True",""
"144","J0121","J","1","21","Cefazolina","Inyectable","1 g","J01DB04","","18","","True",""
"145","J0174","J","1","74","Cefepima","Inyectable","1g","J01DE01","","120","15 ml","True",""
"146","J0158","J","1","58","Cefixima","Comprimido o Cápsula","400 mg","J01DD08","R","7.38","","True",""
"147","J0163","J","1","63","Cefixima","Suspensión","100 mg/5 ml","J01DD08","","38.58","50 ml","True",""
"148","J0122","J","1","22","Cefotaxima","Inyectable","1 g","J01DD01","","8.4400000000000013","","True",""
"149","J0123","J","1","23","Cefradina","Cápsula o Comprimido","500 mg","J01DB09","","2.2250000000000001","","True",""
"150","J0124","J","1","24","Cefradina","Suspensión","250 mg/5 ml","J01DB09","","21","60 ml","True",""
"151","J0125","J","1","25","Ceftazidima","Inyectable","1 g","J01DD02","","13","","True",""
"152","J0126","J","1","26","Ceftriaxona","Inyectable","1 g","J01DD04","","11.984999999999999","","True",""
"153","R0607","R","6","7","Cetirizina","Cápsula o Comprimido","10 mg","R06AE07","","1.1100000000000001","","True",""
"154","R0608","R","6","8","Cetirizina","Jarabe","5 mg/5 ml","R06AE07","","24.3","100 ml","True",""
"155","A1104","A","11","4","Cianocobalamina (Vitamina B12)","Inyectable","1 mg/ml","A11EA**","","4.8899999999999997","1ml","True",""
"156","L0105","L","1","5","Ciclofosfamida","Inyectable","500 mg","L01AA01","","164.59","","True",""
"157","L0106","L","1","6","Ciclofosfamida","Inyectable","1 g","L01AA01","","398.74","50 ml","True",""
"158","L0107","L","1","7","Ciclofosfamida","Comprimido","50 mg","L01AA01","","5.59","","True",""
"159","J0401","J","4","1","Cicloserina","Cápsula","250 mg","J04AB01","","2.99","","True",""
"160","L0403","L","4","3","Ciclosporina","Solución oral","100 mg/ml","L04AA01","","1597.7249999999999","","True",""
"161","L0404","L","4","4","Ciclosporina","Cápsula blanda","100 mg","L04AA01","","25.215","","True",""
"162","L0405","L","4","5","Ciclosporina","Cápsula blanda","25 mg","L04AA01","","11.76","","True",""
"163","L0406","L","4","6","Ciclosporina","Cápsula blanda","50 mg","L04AA01","","13.2","","True",""
"164","S0103","S","1","3","Ciclosporina","Solución oftálmica","1E-3","S01XA18","","285","","True",""
"165","J0127","J","1","27","Ciprofloxacina","Comprimido","500 mg","J01MA02","","1.17","","True",""
"166","J0128","J","1","28","Ciprofloxacina","Inyectable","200 mg","J01MA02","","11.64","","True",""
"167","J0161","J","1","61","Ciprofloxacina","Comprimido","250 mg","J01MA02","","1.1100000000000001","","True",""
"168","S0104","S","1","4","Ciprofloxacina","Solución oftálmica","0,3%","S01AX13","","40.529187902175806","","True",""
"169","L0202","L","2","2","Ciproterona (acetato)","Comprimido","50 mg","L02AX**","","7","","True",""
"170","G0301","G","3","1","Ciproterona acetato + Estradiol valerato","Comprimido","2 mg + 1 mg","G03HA01","","126","Por ciclo","True",""
"171","G0302","G","3","2","Ciproterona acetato + Estradiol valerato","Comprimido","2 mg + 0,035 mg","G03HA01","","6.4283333333333506","Por ciclo","True",""
"172","L0108","L","1","8","Cisplatino","Inyectable","10 mg","L01XA01","","75.599999999999994","","True",""
"173","L0109","L","1","9","Cisplatino","Inyectable","50 mg","L01XA01","","148.09670097305388","","True",""
"174","L0110","L","1","10","Citarabina","Inyectable","100 mg","L01BC01","","102.095","","True",""
"175","L0111","L","1","11","Citarabina","Inyectable","500 mg","L01BC01","","281.35000000000002","","True",""
"176","J0129","J","1","29","Claritromicina","Comprimido","500 mg","J01FA09","R","5.92","","True",""
"177","J0130","J","1","30","Claritromicina","Suspensión","250 mg/5 ml","J01FA09","R","138.38","80 ml","True",""
"178","J0131","J","1","31","Clindamicina","Suspensión o Jarabe","75 mg/5 ml","J01FF01","R","145.25","","True",""
"179","J0156","J","1","56","Clindamicina","Cápsula o comprimido","300 mg","J01FF01","R","13.06500169555764","","True",""
"180","J0164","J","1","64","Clindamicina","Inyectable","600 mg","J01FF01","","17.2","","True",""
"181","D0702","D","7","2","Clobetasol","Crema o Pomada","0,05%","D07AD01","","18.025826724936326","25 g","True",""
"182","D0703","D","7","3","Clobetasol","Solución","0,05%","D07AD01","","56.9","","True",""
"183","J0415","J","4","15","Clofazimina","Cápsula","100 mg","J04BA01","R","10.94","","True",""
"184","J0402","J","4","2","Clofazimina","Cápsula","50 mg","J04BA01","","5.69","","True",""
"185","G0303","G","3","3","Clomifeno citrato","Comprimido","50 mg","G03GB02","","3.77","","True",""
"186","N0602","N","6","2","Clomipramina","Comprimido","75 mg","N06AA04","","5","","True",""
"187","N0603","N","6","3","Clomipramina (clorhidrato)","Inyectable","25 mg/2 ml","N06AA04","","15.21","","True",""
"188","N0306","N","3","6","Clonazepam","Comprimido ranurado","2 mg","N03AE01","","4.2362007985946146","","True",""
"189","N0312","N","3","12","Clonazepam","Solución oral","2,5 mg/ml","N03AE01","","108.59076624420356","30 ml","True",""
"190","B0106","B","1","6","Clopidogrel","Comprimido","75 mg","B01AC04","R","5.09","","True",""
"191","J0132","J","1","32","Cloranfenicol","Cápsula","500 mg","J01BA01","","2.37","","True",""
"192","S0105","S","1","5","Cloranfenicol","Solución oftálmica","0,5%","S01AA01","","11.46","","True",""
"193","S0106","S","1","6","Cloranfenicol","Ungüento oftálmico","0.01","S01AA01","","24.425442930153324","5 g","True",""
"194","J0133","J","1","33","Cloranfenicol succinato sódico","Inyectable","1 g","J01BA01","","4.49","","True",""
"195","R0601","R","6","1","Clorfenamina (Clorfeniramina)","Comprimido","4 mg","R06AB04","","0.34063967328872752","","True",""
"196","R0602","R","6","2","Clorfenamina (Clorfeniramina)","Jarabe","2 mg/5 ml","R06AB04","","10.20350309616008","","True",""
"197","R0603","R","6","3","Clorfenamina (Clorfeniramina)","Inyectable","10 mg/ml","R06AB04","","2.0499999999999998","","True",""
"198","D0802","D","8","2","Clorhexidina gluconato","Solución","Según disponibilidad","D08AC02","","146.53","1 L","True",""
"199","P0103","P","1","3","Cloroquina fosfato","Comprimido","250 mg (150 mg base)","P01BA01","","0.37","","True",""
"200","N0502","N","5","2","Clorpromazina","Comprimido","100 mg","N05AA01","","2.9499999999999997","","True",""
"201","N0503","N","5","3","Clorpromazina","Inyectable","12,5 mg/ml","N05AA01","","3.8118945000000002","2 ml","True",""
"202","A1203","A","12","3","Cloruro de potasio","Solución oral","1,3 mEq/ml","A12BA01","","29.67","","True",""
"203","B0506","B","5","6","Cloruro de potasio","Inyectable","0.2","B05XA01","","3.55","","True",""
"204","B0507","B","5","7","Cloruro de sodio","Inyectable","0.2","B05CB01","","3.53","","True",""
"205","D0103","D","1","3","Clotrimazol","Crema o Pomada","0.01","D01AC01","","9.9265210801873778","20 g","True",""
"206","G0102","G","1","2","Clotrimazol","Óvulo","100 mg","G01AF02","","1.90707258284383","","True",""
"207","G0103","G","1","3","Clotrimazol","Crema vaginal","0.01","G01AF02","","13.42071630304314","30 g","True",""
"208","J0134","J","1","34","Cloxacilina","Inyectable","500 mg","J01CF02","","7.32","","True",""
"209","J0136","J","1","36","Cloxacilina","Inyectable","1 g","J01CF02","","9.4499999999999993","","True",""
"210","N0202","N","2","2","Codeína","Comprimido","30 mg","N02AA07","","3.79","","True",""
"211","R0502","R","5","2","Codeína","Jarabe","10 mg/5 ml","R05DA04","","37.395217329463897","","True",""
"212","M0402","M","4","2","Colchicina","Comprimido","0,5 mg","M04AC01","","1.2","","True",""
"213","A1105","A","11","5","Colecalciferol (Vitamina D3)","Comprimido o Cápsula blanda","0,25 mcg","A11CC05","","3.95","","True",""
"214","J0167","J","1","67","Colistina","Inyectable","100 mg","J01XB01","R","116.97619047619048","","True",""
"215","A1106","A","11","6","Complejo B (B1 + B6 + B12)","Comprimido","Según concentración estándar","A11DB**","","0.31482002772035111","","True",""
"216","A1107","A","11","7","Complejo B (B1 + B6 + B12)","Inyectable","Según concentración estándar","A11DB**","","3.1","","True",""
"217","A1108","A","11","8","Complejo de vitaminas y minerales (Uso pediatría) CMV","Polvo para solución oral","Según disponibilidad","A11JC**","","395","","True",""
"218","V0605","V","6","5","Complemento nutricional","Polvo","Según concentración estándar","V06DB**","","275.5","1000 g","True",""
"219","V0604","V","6","4","Complemento nutricional (Carmelo)","Polvo","Según concentración estándar","V06DB**","","77.680000000000007","","True",""
"220","V0606","V","6","6","Complemento nutricional (Diabético)","Polvo","Según concentración estándar","V06DB**","","159.24968513333638","","True",""
"221","V0607","V","6","7","Complemento nutricional (Nutri Mama con Cañahua, probiótico y Omega-3)","Polvo","Según concentración estándar","V06DB**","","86.76","800 g","True",""
"222","V0603","V","6","3","Complemento nutricional (Nutribebé)","Polvo","Según concentración estándar","V06DA","","36.5","750 g","True",""
"223","V0801","V","8","1","Contraste iodado","Inyectable","Según disponibilidad (10 ml)","V08AB**","","352","","True",""
"224","V0802","V","8","2","Contraste iodado","Inyectable","Según disponibilidad (50 ml)","V08AB**","","352","","True",""
"225","V0803","V","8","3","Contraste iodado","Inyectable","Según disponibilidad (100 ml o 200 ml)","V08AB**","","432.67578263337111","100 ml","True",""
"226","C0501","C","5","1","Corticoide + anestésico","Supositorio","Según disponibilidad","C05AX03","","3.2050000000000001","","True",""
"227","C0502","C","5","2","Corticoide + anestésico","Crema o Pomada","Según disponibilidad","C05AX03","","71.625","30 g","True",""
"228","S0124","S","1","24","Corticoide + antiinfeccioso de accion tópica","Solución oftálmica","Según disponibilidad","S01CA01","","28.160847942307459","","True",""
"229","S0125","S","1","25","Corticoide + antiinfeccioso de accion tópica","Ungüento oftálmico","Según disponibilidad","S01CA01","","48.69","","True",""
"230","H0101","H","1","1","Corticotrofina (ACTH)","Inyectable","25 UI o 40 UI","H01AA01","","109.47","","True",""
"231","J0137","J","1","37","Cotrimoxazol (Sulfametoxazol + Trimetoprima)","Comprimido","800 mg + 160 mg","J01EE01","","1.37","","True",""
"232","J0138","J","1","38","Cotrimoxazol (Sulfametoxazol + Trimetoprima)","Suspensión","200 mg + 40 mg/5 ml","J01EE01","","13.710476190476191","100 ml","True",""
"233","J0139","J","1","39","Cotrimoxazol (Sulfametoxazol + Trimetoprima)","Comprimido","100 mg + 20 mg","J01EE01","","0.44999999999999996","","True",""
"234","J0140","J","1","40","Cotrimoxazol (Sulfametoxazol + Trimetoprima)","Comprimido","400 mg + 80 mg","J01EE01","","0.72607652376580256","","True",""
"235","J0160","J","1","60","Cotrimoxazol (Sulfametoxazol + Trimetoprima)","Inyectable","400 mg + 80 mg/5 ml","J01EE01","","39.94","","True",""
"236","J0165","J","1","65","Cotrimoxazol (Sulfametoxazol + Trimetoprima)","Suspensión","400 mg + 80 mg/5 ml","J01EE01","","34.04","100 ml","True",""
"237","L0112","L","1","12","Dacarbazina","Inyectable","200 mg","L01AX04","","416.53499999999997","","True",""
"238","J0540","J","5","40","Daclatasvir","Cápsula o Comprimido","60 mg","J05AX14","","471.51","","True",""
"239","L0113","L","1","13","Dactinomicina","Inyectable","0,5 mg/ml","L01DA01","","437.41","","True",""
"240","J0416","J","4","16","Dapsona","Comprimido","50 mg","J04BA02","R","2.5499999999999998","","True",""
"241","J0403","J","4","3","Dapsona","Comprimido","100 mg","J04BA02","","6.78","","True",""
"242","J0532","J","5","32","Darunavir","Comprimido","600 mg","J05AE10","R","61.466999999999999","","True",""
"243","L0144","L","1","44","Dasatinib","Comprimido","20 mg","L01XE06","R","41.67","","True",""
"244","L0145","L","1","45","Dasatinib","Comprimido","50 mg","L01XE06","R","196.63","","True",""
"245","L0146","L","1","46","Dasatinib","Comprimido","70 mg","L01XE06","R","209.73","","True",""
"246","L0147","L","1","47","Dasatinib","Comprimido","100 mg","L01XE06","R","286.5","","True",""
"247","L0137","L","1","37","Daunorrubicina","Inyectable","20 mg","L01DB02","","553.97","","True",""
"248","V0302","V","3","2","Deferoxamina mesilato","Inyectable","500 mg","V03AC01","","111.55","","True",""
"249","J0419","J","4","19","Delamanid","Comprimido","100 mg","J04AK06","","106","","True",""
"250","H0102","H","1","2","Desmopresina acetato","Solución nasal","0,1 mg/ml","H01BA02","","560.19224550000001","5 ml","True",""
"251","H0202","H","2","2","Dexametasona","Comprimido","4 mg","H02AB02","","0.82","","True",""
"252","H0203","H","2","3","Dexametasona","Comprimido","0,5 mg","H02AB02","","0.57999999999999996","","True",""
"253","H0204","H","2","4","Dexametasona","Inyectable","4 mg/ml","H02AB02","","4.03","1 ml","True",""
"254","S0109","S","1","9","Dexametasona","Solución oftálmica","0,1%","S01BA01","","17.59","10 ml","True",""
"255","S0110","S","1","10","Dexametasona","Ungüento o Pomada oftálmica","0,1%","S01BA01","","35.07","","True",""
"256","N0519","N","5","19","Dexmedetomidina","Inyectable","100 mcg/ml","N05CM18","","150","","True",""
"257","B0508","B","5","8","Dextrán 70","Solución parenteral de gran volúmen","0.06","B05AA05","","67.2","","True",""
"258","R0503","R","5","3","Dextrometorfano bromhidrato","Jarabe","10 mg/5 ml","R05DA09","","11.195","","True",""
"259","N0504","N","5","4","Diazepam","Comprimido ranurado","10 mg","N05BA01","","1.8704886740131341","","True",""
"260","N0505","N","5","5","Diazepam","Inyectable","10 mg","N05BA01","","12.75","","True",""
"261","N0506","N","5","6","Diazepam","Comprimido ranurado","5 mg","N05BA01","","0.6","","True",""
"262","M0101","M","1","1","Diclofenaco Sódico","Pomada o Gel","0.01","M01AB05","","18.179433","30g","True",""
"263","M0102","M","1","2","Diclofenaco Sódico","Comprimido","50 mg","M01AB05","","0.20096654038725414","","True",""
"264","M0103","M","1","3","Diclofenaco Sódico","Inyectable","75 mg","M01AB05","","2.6175632988690625","3 ml","True",""
"265","S0111","S","1","11","Diclofenaco Sódico","Solución oftálmica","0,1%","S01BC03","","29.96","","True",""
"266","J0141","J","1","41","Dicloxacilina sódica","Cápsula","500 mg","J01CF01","","1.7641898710663209","","True",""
"267","J0142","J","1","42","Dicloxacilina sódica","Suspensión","250 mg/5 ml","J01CF01","","15.86","100 ml","True",""
"268","C0105","C","1","5","Digoxina","Inyectable","0,25 mg/ml","C01AA05","","7.7","2ml","True",""
"269","C0106","C","1","6","Digoxina","Comprimido ranurado","0,25 mg","C01AA05","","0.78566719647878713","","True",""
"270","N0701","N","7","1","Dimenhidrinato","Comprimido","50 mg","N07X**","","0.9","","True",""
"271","N0702","N","7","2","Dimenhidrinato","Supositorio","50 mg","N07X**","","4.12","","True",""
"272","N0703","N","7","3","Dimenhidrinato","Inyectable","50 mg/ml","N07X**","","14.91","","True",""
"273","V0303","V","3","3","Dimercaprol (B.A.L.)","Inyectable","100 mg/ml","V03AB09","","758.01","","True",""
"274","C0107","C","1","7","Dinitrato de isosorbida (Isosorbide dinitrato)","Comprimido sublingual","5 mg","C01DA08","","1.35","","True",""
"275","C0108","C","1","8","Dobutamina clorhidrato","Inyectable","250 mg","C01CA07","","41.3","","True",""
"276","L0138","L","1","38","Docetaxel","Inyectable","40 mg/ml (2ml)","L01CD02","","794","","True",""
"277","J0551","J","5","51","Dolutegravir","Comprimido dispersable","10 mg","J05AJ03","R","0.33","","True",""
"278","J0552","J","5","52","Dolutegravir","Comprimido dispersable","50 mg","J05AJ03","R","0.32","","True",""
"279","J0553","J","5","53","Dolutegravir + Lamivudine + Tenofovir","Comprimido","50 mg + 300 mg + 300 mg","J05AR27","R","0.72","","True",""
"280","A0306","A","3","6","Domperidona","Comprimido","10 mg","A03FA03","","0.62","","True",""
"281","C0109","C","1","9","Dopamina clorhidrato","Inyectable","200 mg","C01CA04","","12.641666666666666","","True",""
"282","S0112","S","1","12","Dorzolamida","Solución oftálmica","0.02","S01EC03","","134.31052298608182","","True",""
"283","J0144","J","1","44","Doxiciclina","Cápsula o Comprimido","100 mg","J01AA02","","1.0595312097522025","","True",""
"284","L0148","L","1","48","Doxorrubicina liposomal pegilada","Inyectable","20 mg/ 10 ml","L01DB01","R","718.13","10 ml","True",""
"285","L0114","L","1","14","Doxorubicina clorhidrato (Adriamicina clorh.)","Inyectable","10 mg","L01DB01","","120","","True",""
"286","L0115","L","1","15","Doxorubicina clorhidrato (Adriamicina clorh.)","Inyectable","50 mg","L01DB01","","226.67499999999998","","True",""
"287","N0608","N","6","8","Duloxetina","Cápsula","30 mg","N06AX21","R","8.2220000000000013","","True",""
"288","V0304","V","3","4","Edetato sódico de calcio (EDTA)","Inyectable","0.2","V03AB03","","122.63","","True",""
"289","B0509","B","5","9","Emulsión de lípidos","Emulsión inyectable","Según disponibilidad","B05BA02","","169.56","","True",""
"290","C0901","C","9","1","Enalapril maleato","Comprimido ranurado","10 mg","C09AA02","","0.38155542161028033","","True",""
"291","L0211","L","2","11","Enzalutamida","Cápsula","40 mg","L02BB04","R","139.99333333333334","","True",""
"292","A0901","A","9","1","Enzimas pancreáticas (Lipasa, Proteasa y Amilasa en combinación)","Comprimido","Según disponibilidad","A09AA02","","2.1800000000000002","150 Mg","True",""
"293","C0110","C","1","10","Epinefrina (Adrenalina)","Inyectable","1 mg/ml","C01CA24","","6.89","","True",""
"294","G0203","G","2","3","Ergometrina maleato","Comprimido","0,2 mg","G02AB03","","3.1237010479867626","","True",""
"295","G0204","G","2","4","Ergometrina maleato","Inyectable","0,2 mg/ml","G02AB03","","11.400018319968765","1 ml","True",""
"296","N0203","N","2","3","Ergotamina tartrato + Cafeína","Comprimido","1 mg + 100 mg","N02CA72","","3.3287750556792872","","True",""
"297","D1001","D","10","1","Eritromicina","Loción","2% a 4%","D10AF02","","56.63","3 ml","True",""
"298","J0145","J","1","45","Eritromicina (estearato)","Cápsula o Comprimido","500 mg","J01FA01","","1.4949669668941608","","True",""
"299","J0146","J","1","46","Eritromicina (etilsuccinato)","Suspensión","250 mg/5 ml","J01FA01","","25.758471152181439","100 ml","True",""
"300","B0302","B","3","2","Eritropoyetina","Inyectable","10.000 UI","B03XA01","","95.375","","True",""
"301","B0303","B","3","3","Eritropoyetina","Inyectable","2.000 UI","B03XA01","","32.99","","True",""
"302","B0311","B","3","11","Eritropoyetina","Inyectable","4000 UI","B03XA01","","94.33","","True",""
"303","L0159","L","1","59","Erlotinib","Comprimido","150 mg","L01XE03","R","207.13","","True",""
"304","J0147","J","1","47","Espiramicina","Comprimido","500 mg","J01FA02","","7.58","","True",""
"305","C0302","C","3","2","Espironolactona","Comprimido","100 mg","C03DA01","","2.1052624067559611","","True",""
"306","C0303","C","3","3","Espironolactona","Comprimido","25 mg","C03DA01","","0.96451068661394657","","True",""
"307","G0304","G","3","4","Estradiol + Noretisterona acetato","Comprimido","2mg + 1mg","G03FB05","","146.4957","Por ciclo","True",""
"308","G0305","G","3","5","Estradiol valerianato + Norgestrel","Comprimido","2 mg + 0,5 mg","G03FA10","","95.09","por ciclo","True",""
"309","G0306","G","3","6","Estradiol valerianato + Prasterona enantato","Inyectable","4 mg + 200 mg/ml","G03EA03","","113.355","","True",""
"310","J0404","J","4","4","Estreptomicina sulfato","Inyectable","1 g","J04AM**","","5.1268514999999999","","True",""
"311","B0102","B","1","2","Estreptoquinasa","Inyectable","1.500.000 UI","B01AD01","","1074.3499999999999","","True",""
"312","G0307","G","3","7","Estrógenos conjugados","Comprimido","0,625 mg","G03CA57","","7.5600000000000005","","True",""
"313","G0308","G","3","8","Estrógenos conjugados","Comprimido","1,25 mg","G03CA57","","5.05","","True",""
"314","G0309","G","3","9","Estrógenos conjugados","Crema vaginal","0,625 mg","G03CA57","","181.3","43 g","True",""
"315","J0405","J","4","5","Etambutol","Comprimido","400 mg","J04AK02","R","0.28999999999999998","","True",""
"316","J0424","J","4","24","Etambutol","Comprimido dispersable","100 mg","J04AK02","R","1.36","","True",""
"317","J0425","J","4","25","Etambutol + Isoniazida + Pirazinamida + Rifampicina","Comprimido","275 mg + 75 mg + 400 mg +150 mg","J04AM06","R","1.1299999999999999","","True",""
"318","B0203","B","2","3","Etamsilato","Inyectable","250 mg/2 ml","B02BX01","R","37.94362985497964","","True",""
"319","D0803","D","8","3","Eter alifático dietilamino etanol","Solución 1 l","Según disponibilidad","D08AC**","","614.91916666666668","","True",""
"320","C0113","C","1","13","Etilefrina","Inyectable","10 mg/ml","C01CA01","","20.560000000000002","1 ml","True",""
"321","J0406","J","4","6","Etionamida","Comprimido","250 mg","J04AD03","","0.73","","True",""
"322","L0116","L","1","16","Etopósido","Inyectable","100 mg/5 ml","L01CB01","","109.72","","True",""
"323","B0205","B","2","5","Factor IX de la coagulación","Inyectable","500 UI","B02BD04","R","3190.4049999999997","","True",""
"324","B0204","B","2","4","Factor VIII de la coagulación","Inyectable","500 UI","B02BD02","R","2628.9049999999997","","True",""
"325","J0549","J","5","49","Favipiravir","Comprimido recubierto","200 mg","J05AX27","R","42.92","","True",""
"326","N0307","N","3","7","Fenitoína","Inyectable","50 mg/ml","N03AB02","","12.99","","True",""
"327","N0308","N","3","8","Fenitoína","Cápsula o Comprimido","100 mg","N03AB02","","0.87999999999999989","","True",""
"328","N0309","N","3","9","Fenobarbital","Comprimido","100 mg","N03AA02","","2.62","","True",""
"329","N0310","N","3","10","Fenobarbital","Gotas","20 mg/ml","N03AA02","","56.24","15 ml","True",""
"330","N0311","N","3","11","Fenobarbital","Inyectable","100 mg/ml","N03AA02","","37.799999999999997","","True",""
"331","C1004","C","10","4","Fenofibrato","Cápsula o Comprimido","200 mg","C10AB05","","6.1565341688775046","","True",""
"332","N0105","N","1","5","Fentanilo con conservante","Inyectable","0,05 mg/ml","N01AH01","","37.119999999999997","","True",""
"333","N0106","N","1","6","Fentanilo sin conservante","Inyectable","0,05 mg/ml","N01AH01","","16.574879361835901","","True",""
"334","A0604","A","6","4","Fibra natural","Polvo o granulado","Según disponibilidad","A06AC07","","3.8189442155102062","","True",""
"335","B0208","B","2","8","Fibrinógeno humano","Inyectable","1g","B02BB01","R","8426.8549999999996","","True",""
"336","L0301","L","3","1","Filgrastrim","Inyectable","300 mcg/ml","L03AA02","","195.77999999999997","","True",""
"337","G0401","G","4","1","Finasterida","Comprimido","5 mg","G04CB01","","2.9164879078114421","","True",""
"338","L0418","L","4","18","Fingolimod","Cápsula","0,5 mg","L04AA27","R","148.5","","True",""
"339","B0202","B","2","2","Fitomenadiona (Vitamina K1)","Inyectable","10 mg/ml","B02BA01","","3.2254786383162286","","True",""
"340","J0202","J","2","2","Fluconazol","Inyectable","200 mg","J02AC01","","28.56","","True",""
"341","J0208","J","2","8","Fluconazol","Comprimido o Cápsula","150 mg","J02AC01","","4.9000000000000004","","True",""
"342","L0162","L","1","62","Fludarabina","Inyectable","50 mg","L01BB05","R","1965.6","","True",""
"343","V0305","V","3","5","Flumazenil","Inyectable","0,5 mg/5 ml","V03AB25","","190","","True",""
"344","N0708","N","7","8","Flunarizina","Comprimido","10 mg","N07CA03","","3.3133333333333335","","True",""
"345","S0113","S","1","13","Fluoresceina","Inyectable","0.1","S01JA01","","82.59","","True",""
"346","S0114","S","1","14","Fluoresceina (sal sódica)","Solución oftálmica","0,25%","S01JA01","","46.32","","True",""
"347","L0117","L","1","17","Fluorouracilo","Inyectable","500 mg/10 ml","L01BC02","","59","","True",""
"348","A0102","A","1","2","Fluoruro de sodio","Gel o Pasta","Según Programa","A01AA01","","25","","True",""
"349","A1204","A","12","4","Fluoruro de sodio","Solución oral gotas","0,2%","A12CD01","","19.22","","True",""
"350","N0604","N","6","4","Fluoxetina","Cápsula o Comprimido","20 mg","N06AB03","","2.31","","True",""
"351","L0203","L","2","3","Flutamida","Comprimido","250 mg","L02BB01","","8.745000000000001","","True",""
"352","D0804","D","8","4","Formaldehido","Solución","40% p/v","D08AC**","","27.5","1 L","True",""
"353","V0608","V","6","8","Formula Infantil","Polvo","Según concentración estándar","V06DF","R","236","","True",""
"354","C0304","C","3","4","Furosemida","Comprimido ranurado","40 mg","C03CA01","","0.47864143384972446","","True",""
"355","C0305","C","3","5","Furosemida","Inyectable","10 mg/ml","C03CA01","","1.8","2 ml","True",""
"356","V0811","V","8","11","Gadobutrol","Inyectable","604,72mg/ml","V08CA09","","479.89","7.5 ml","True",""
"357","V0804","V","8","4","Gadodiamida","Inyectable","287 mg/ml","V08CA03","","473.67","","True",""
"358","V0805","V","8","5","Gadopentato de dimeglumina","Inyectable","469 mg/ml","V08CA01","","450","15 ml","True",""
"359","V0810","V","8","10","Gadoversetamida","Inyectable","0.5mmol / ml","V08CA06","R","450","","True",""
"360","L0118","L","1","18","Gemcitabina","Inyectable","1 g","L01BC05","","600","","True",""
"361","L0133","L","1","33","Gemcitabina","Inyectable","200 mg","L01BC05","","271.63","","True",""
"362","C1002","C","10","2","Gemfibrozilo","Comprimido","600 mg","C10AB04","","2.33","","True",""
"363","S0115","S","1","15","Gentamicina","Ungüento oftálmico","0,3%","S01AA11","","37.53","5 g","True",""
"364","S0116","S","1","16","Gentamicina","Solución oftálmica","0,3%","S01AA11","","11.59","5 ml","True",""
"365","J0148","J","1","48","Gentamicina sulfato","Inyectable","20 mg","J01GB03","","2.6","","True",""
"366","J0149","J","1","49","Gentamicina sulfato","Inyectable","80 mg","J01GB03","","2.15","","True",""
"367","A1001","A","10","1","Glibenclamida","Comprimido","5 mg","A10BB01","","0.30579999999999996","","True",""
"368","S0201","S","2","1","Glicerina + carbonato de sodio","Gotas óticas","Según disponibilidad","S02DA30","","25.33","3g/100ml","True",""
"369","D0201","D","2","1","Glicerol (Glicerina bidestilada)","Solución 1 l","Según disponibilidad","D02AX**","","106.83","","True",""
"370","A0605","A","6","5","Glicerol (Glicerina)","Supositorio","2 g a 4 g (adulto)","A06AX01","","2.6467794076963469","","True",""
"371","A0606","A","6","6","Glicerol (Glicerina)","Supositorio","1 g a 1,80 g (infantil)","A06AX01","","2.4643940047554347","","True",""
"372","L0411","L","4","11","Globulina Anti-timocito","Inyectable","250 mg/5ml","L04AA04","R","2813.46","","True",""
"373","L0419","L","4","19","Globulina Anti-timocito (conejo)","Inyectable","25 mg","L04AA04","R","SPR","","False","precio no numerico o ausente"
"374","B0510","B","5","10","Gluconato Cálcico (Calcio Gluconato)","Inyectable","0.1","B05XA07","","4.349915753188152","","True",""
"375","G0310","G","3","10","Gonadotrofina coriónica","Inyectable","5.000 UI/ml","G03GA01","","241.81","1 ml","True",""
"376","J0204","J","2","4","Griseofulvina","Comprimido","500 mg","J02AX**","","2.9414846870838884","","True",""
"377","J0205","J","2","5","Griseofulvina","Suspensión","125 mg/5 ml","J02AX**","","23.12","","True",""
"378","N0507","N","5","7","Haloperidol","Solución oral","2 mg/ml","N05AD01","","74.281599999999997","","True",""
"379","N0508","N","5","8","Haloperidol","Comprimido","5 mg","N05AD01","","2.109110517274289","","True",""
"380","N0517","N","5","17","Haloperidol","Inyectable","5 mg/ml","N05AD01","","42.51","1 ml","True",""
"381","N0509","N","5","9","Haloperidol decanoato","Inyectable","50 mg/ml","N05AD01","","79.498999999999995","1 ml","True",""
"382","N0107","N","1","7","Halotano","Solución","0,01% de timol","N01AB01","","450","250 ml","True",""
"383","B0103","B","1","3","Heparina de bajo peso molecular","Inyectable","Según disponibilidad","B01AB**","","76.141565403437895","","True",""
"384","B0104","B","1","4","Heparina sódica","Inyectable","5.000 UI/ml","B01AB01","","55.6313509863147","","True",""
"385","C0203","C","2","3","Hidralazina clorhidrato","Inyectable","20 mg/ml","C02DB02","","79","","True",""
"386","C0207","C","2","7","Hidralazina clorhidrato","Comprimido","25 mg","C02DB02","","0.79","","True",""
"387","C0306","C","3","6","Hidroclorotiazida","Comprimido ranurado","50 mg","C03AA03","","0.57000000000000006","","True",""
"388","C0307","C","3","7","Hidroclorotiazida + Amilorida","Comprimido","50 mg + 5 mg","C03AX01","","1.23","","True",""
"389","D0704","D","7","4","Hidrocortisona acetato","Crema o Pomada","0.01","D07AA02","","14.441813770936285","10 g","True",""
"390","H0205","H","2","5","Hidrocortisona succinato sódico","Inyectable","100 mg","H02AB09","","13.310276803734311","","True",""
"391","H0206","H","2","6","Hidrocortisona succinato sódico","Inyectable","250 mg","H02AB09","","45.87","","True",""
"392","D1101","D","11","1","Hidroquinona","Loción","4% o 5%","D11AX11","","51.67099566666667","30 ml","True",""
"393","D1102","D","11","2","Hidroquinona","Crema a Pomada","4% o 5 %","D11AX11","","37.06","30 g","True",""
"394","P0127","P","1","27","Hidroxicloroquina sulfato","Comprimido","200 mg","P01BA02","","7.0889313380184795","","True",""
"395","A0201","A","2","1","Hidróxido de aluminio y magnesio","Suspensión","1:1","A02AD01","","16.18","120 ml","True",""
"396","L0119","L","1","19","Hidroxiurea","Cápsula","500 mg","L01XX05","","5.4249999999999998","","True",""
"397","B0304","B","3","4","Hierro","Inyectable","100 mg - IM o IV","B03AC02","","46.994445460167832","","True",""
"398","B0312","B","3","12","Hierro (como bisglicina quelato)","Suspensión","30 mg/5 mL","B03AA01","","115.12","120 ml","True",""
"399","D0805","D","8","5","Hipoclorito de sodio","Solución","0.08","D08AX07","","14.71","","True",""
"400","C0114","C","1","14","Ibuprofeno","Inyectable","5 mg/ml","C01EB16","","34.65","","True",""
"401","M0104","M","1","4","Ibuprofeno","Suspensión","100 mg/5 ml","M01AE01","","14.58","100ml","True",""
"402","M0105","M","1","5","Ibuprofeno","Comprimido","400 mg","M01AE01","","0.49201448673457182","","True",""
"403","L0120","L","1","20","Ifosfamida","Inyectable","1 g","L01AA06","","131.33000000000001","","True",""
"404","L0149","L","1","49","Imatinib","Comprimido","100 mg","L01XE01","R","26.25","","True",""
"405","L0150","L","1","50","Imatinib","Comprimido","400 mg","L01XE01","R","238","","True",""
"406","J0150","J","1","50","Imipenem + Cilastatina","Inyectable","500 mg + 500 mg","J01DH51","R","74.449999999999989","","True",""
"407","N0605","N","6","5","Imipramina clorhidrato","Comprimido","25 mg","N06AA02","","0.62","","True",""
"408","M0106","M","1","6","Indometacina","Cápsula o Comprimido","25 mg","M01AB01","","0.46560000000000001","","True",""
"409","M0107","M","1","7","Indometacina","Supositorio","100 mg","M01AB01","","2.2012791951473236","","True",""
"410","J0602","J","6","2","Inmunoglobulina anti D (RH +)","Inyectable","0,1 mg/ml a 0,2 mg/ml","J06BB01","","1886.605","","True",""
"411","J0603","J","6","3","Inmunoglobulina humana normal","Inyectable","5 g IV","J06BA02","","4507","","True",""
"412","A1005","A","10","5","Insulina Glargina","Inyectable","100 U.I/ml","A10AE04","","411.01650000000001","10 ml","True",""
"413","A1006","A","10","6","Insulina Glulisina","Inyectable","100 U.I/ml","A10AB06","","370.21","10 ml","True",""
"414","A1002","A","10","2","Insulina recombinante humana NPH","Inyectable","100 UI/ml","A10AC01","","130","","True",""
"415","A1003","A","10","3","Insulina zinc cristalina recombinante humana","Inyectable","100 UI/ml","A10AB01","","107.22666666666667","10 ml","True",""
"416","L0302","L","3","2","Interferon alfa 2 b recombinante","Inyectable","10.000.000 UI con diluyente (1 ml)","L03AB05","","195.31","","True",""
"417","L0303","L","3","3","Interferon alfa 2 b recombinante","Inyectable","3.000.000 UI con diluyente (1 ml)","L03AB05","","90","","True",""
"418","L0304","L","3","4","Interferon beta","Inyectable","0,3 mg","L03AB07","","558.33500000000004","1 l","True",""
"419","D0806","D","8","6","Iodo (Yodo)","Solución hidroalcohólica","0.02","D08AG03","","125","1 L","True",""
"420","D0807","D","8","7","Iodo povidona (Yodopovidona)","Crema o Pomada","10% ( 500 g )","D08AG02","","186.15","","True",""
"421","D0808","D","8","8","Iodo povidona (Yodopovidona)","Solución","0.1","D08AG02","","96","1 L","True",""
"422","R0309","R","3","9","Ipratropio bromuro","Aerosol","20 mcg/dosis","R03BB01","","153.70999999999998","200 dosis","True",""
"423","L0140","L","1","40","Irinotecan","Inyectable","100 mg /5 ml","L01XX19","R","667.47684180790952","","True",""
"424","J0426","J","4","26","Isoniazida","Comprimido dispersable","100 mg","J04AC01","R","0.67","","True",""
"425","J0407","J","4","7","Isoniazida (INH)","Comprimido","100 mg","J04AC01","R","0.13","","True",""
"426","C0111","C","1","11","Isosorbida Mononitrato","Comprimido","20 mg","C01DA14","","2.15","","True",""
"427","P0213","P","2","13","Ivermectina","Comprimido","3 mg","P02CF01","","8.4499999999999993","","True",""
"428","P0214","P","2","14","Ivermectina","Comprimido","6 mg","P02CF01","","7.5","","True",""
"429","J0413","J","4","13","Kanamicina","Inyectable","1 g","J01GB04","","16.792523500000001","","True",""
"430","N0108","N","1","8","Ketamina (Cetamina)","Inyectable","50 mg/ml","N01AX03","","69","5 ml","True",""
"431","M0110","M","1","10","Ketoprofeno","Inyectable","100 mg","M01AE03","","20.824135790907008","","True",""
"432","M0109","M","1","9","Ketorolaco","Inyectable","30 mg/ml","M01AB15","","8.3959646678243338","1 ml","True",""
"433","R0604","R","6","4","Ketotifeno","Comprimido","1 mg","R06AX17","","5.16","","True",""
"434","S0117","S","1","17","Ketotifeno","Solución oftálmica","0,25 mg/ml","S01GX08","","189","","True",""
"435","C0707","C","7","7","Labetalol","Inyectable","20 mg","C07AG01","R","67.66021306032097","","True",""
"436","A0607","A","6","7","Lactulosa","Solución oral","65% a 67%","A06AD11","","58.28","0.65","True",""
"437","S0118","S","1","18","Lágrimas artificiales","Solución oftálmica","0,3% o 1%","S01XA20","","34.965000000000003","","True",""
"438","S0126","S","1","26","Lágrimas artificiales","Gel","0,3% o 1%","S01XA20","","105.505","","True",""
"439","J0515","J","5","15","Lamivudina","Comprimido","150 mg","J05AF05","","0.39","","True",""
"440","J0516","J","5","16","Lamivudina","Jarabe o Solución oral","10 mg/ml","J05AF05","","19.41","","True",""
"441","N0315","N","3","15","Lamotrigina","Comprimido","25 mg","N03AX09","R","9.8666666666665002","","True",""
"442","N0316","N","3","16","Lamotrigina","Comprimido","50 mg","N03AX09","R","12.57","","True",""
"443","N0317","N","3","17","Lamotrigina","Comprimido","100 mg","N03AX09","R","13.268750000000001","","True",""
"444","N0318","N","3","18","Lamotrigina","Comprimido","200 mg","N03AX09","R","17.760000000000002","","True",""
"445","S0127","S","1","27","Latanoprost","Solución oftálmica","50 mcg/ml","S01EE01","","129.93","","True",""
"446","J0546","J","5","46","Ledipasvir + Sofosbuvir","Comprimido","90 mg + 400 mg","J05AX65.","R","966.65","","True",""
"447","L0412","L","4","12","Leflunomida","Comprimido","20 mg","L04AA13","R","11.357715926110833","","True",""
"448","L0413","L","4","13","Leflunomida","Comprimido","100 mg","L04AA13","R","50","","True",""
"449","L0414","L","4","14","Lenalidomida","Cápsula","5 mg","L04AX04","R","297","","True",""
"450","L0415","L","4","15","Lenalidomida","Cápsula","10 mg","L04AX04","R","357.52","","True",""
"451","L0416","L","4","16","Lenalidomida","Cápsula","15 mg","L04AX04","R","494","","True",""
"452","L0417","L","4","17","Lenalidomida","Cápsula","25 mg","L04AX04","R","500","","True",""
"453","L0204","L","2","4","Letrozol","Comprimido","2,5 mg","L02BG04","","7.02","","True",""
"454","V0307","V","3","7","Leucovorina","Inyectable","50 mg","V03AF03","","102.47110487388584","","True",""
"455","V0314","V","3","14","Leucovorina (Folinato de calcio)","Comprimido","15 mg","V03AF03","","36.33","","True",""
"456","L0210","L","2","10","Leuprolide","Inyectable","7,5 mg","L02AE02","R","2768.2200000000003","","True",""
"457","N0402","N","4","2","Levodopa + Carbidopa","Comprimido","250 mg + 25 mg","N04BA02","","3.9653877894163179","","True",""
"458","J0166","J","1","66","Levofloxacina","Comprimido","500 mg","J01MA12","R","4.6392664323224739","","True",""
"459","J0168","J","1","68","Levofloxacina","Inyectable","500 mg","J01MA12","R","46","100 ml","True",""
"460","G0311","G","3","11","Levonorgestrel","Comprimido","0,75 mg","G03AD01","","13.863333333333333","","True",""
"461","G0319","G","3","19","Levonorgestrel","Implante subdérmico","150 mg","G03AC03","","260","","True",""
"462","G0320","G","3","20","Levonorgestrel","Comprimido","1,5 mg","G03AD01","","15.27611111111111","","True",""
"463","G0312","G","3","12","Levonorgestrel + Etinilestradiol","Comprimido","0,150 mg + 0,03 mg","G03FB09","","1.48","Por ciclo","True",""
"464","H0303","H","3","3","Levotiroxina sòdica","Comprimido","0,05 mg","H03AA01","","0.42000000000000004","50 MCg","True",""
"465","H0301","H","3","1","Levotiroxina sódica","Comprimido ranurado","0,1 mg","H03AA01","","0.72800000000000009","","True",""
"466","D0401","D","4","1","Lidocaína","Gel o Jalea","0.02","D04AB01","","42.67379573795445","","True",""
"467","N0109","N","1","9","Lidocaína","Cartucho dental","0.02","N01BB52","","5.15","","True",""
"468","D0402","D","4","2","Lidocaína clorhidrato","Solución para atomización","0.1","D04AB01","","135.82","","True",""
"469","N0110","N","1","10","Lidocaína clorhidrato + Epinefrina","Inyectable","2% 1:200.000","N01BB52","","34.475000000000001","","True",""
"470","N0111","N","1","11","Lidocaína clorhidrato + Epinefrina","Cartucho dental","2% 1:200.000","N01BB52","","5.9249999999999998","","True",""
"471","N0112","N","1","12","Lidocaína clorhidrato sin conservante","Inyectable","0.02","N01BB02","","12.210815028769751","","True",""
"472","J0170","J","1","70","Linezolid","Comprimido","600 mg","J01XX08","R","15.29","","True",""
"473","N0510","N","5","10","Litio carbonato","Comprimido","300 mg","N05AN01","","2.44","","True",""
"474","A0702","A","7","2","Loperamida","Cápsula o Comprimido","2 mg","A07DA03","","0.33","","True",""
"475","C0902","C","9","2","Losartán","Comprimido","50 mg","C09CA01","","1.27","50 Mg","True",""
"476","C0903","C","9","3","Losartán + hidroclorotiazida","Comprimido","50 mg + 12.5 mg","C09DA01","","1.26","","True",""
"477","C0904","C","9","4","Losartán + hidroclorotiazida","Comprimido","100 mg + 25 mg","C9DA01","","15.2","","True",""
"478","P0203","P","2","3","Mebendazol","Comprimido","100 mg","P02CA01","","0.34","","True",""
"479","P0204","P","2","4","Mebendazol","Suspensión","100 mg/5 ml","P02CA01","","8.27","","True",""
"480","P0205","P","2","5","Mebendazol","Comprimido","500 mg","P02CA01","","2.89","","True",""
"481","G0313","G","3","13","Medroxiprogesterona acetato","Inyectable","150 mg/ml","G03AC06","","18.08153288359096","1 ml","True",""
"482","G0314","G","3","14","Medroxiprogesterona acetato","Comprimido","10 mg","G03DA02","","2.3199999999999998","","True",""
"483","G0321","G","3","21","Medroxiprogesterona acetato","Inyectable","104mg/0,65 ml","G03AC06","","9.49","","True",""
"484","P0104","P","1","4","Mefloquina (clorhidrato)","Comprimido","250 mg","P01BC02","","5.99","","True",""
"485","P0105","P","1","5","Meglumina antimoniato","Inyectable","1,5 g/5 ml","P01CB01","","67.58","","True",""
"486","V0806","V","8","6","Meglumina diatrizoato","Inyectable","70% o 76% (20 ml)","V08AA01","","133.845","","True",""
"487","V0807","V","8","7","Meglumina diatrizoato","Inyectable","70% o 76% (50 ml)","V08AA01","","183.28","","True",""
"488","L0122","L","1","22","Melfalán","Comprimido","2 mg","L01AA03","","23","","True",""
"489","L0163","L","1","63","Melfalán","Inyectable","50 mg","L01AA03","R","SPR","","False","precio no numerico o ausente"
"490","M0111","M","1","11","Meloxicam","Comprimido","15 mg","M01AC06","","3.03","","True",""
"491","L0123","L","1","23","Mercaptopurina","Comprimido ranurado","50 mg","L01BB02","","9.8800000000000008","","True",""
"492","J0169","J","1","69","Meropenem","Inyectable","500 mg","J01DH02","R","90.586798941798932","","True",""
"493","A0707","A","7","7","Mesalazina","Comprimido","500 mg","A07S02","","18.564999999999998","","True",""
"494","A0708","A","7","8","Mesalazina","Supositorio","1g","A07S02","","57.392400000000002","","True",""
"495","V0308","V","3","8","Mesna (Mercapto etilsulfonato sódico)","Inyectable","400 mg","V03AF01","","99.85","","True",""
"496","N0204","N","2","4","Metadona","Comprimido","5 mg","N02AC**","","7.76","","True",""
"497","N0205","N","2","5","Metamizol (Dipirona)","Inyectable","1 g","N02BB02","","3.5549999999999997","","True",""
"498","A1004","A","10","4","Metformina","Comprimido","850 mg","A10BA02","","1.69","","True",""
"499","A1007","A","10","7","Metformina","Comprimido","500 mg","A10BA02","","1.28","","True",""
"500","C0204","C","2","4","Metildopa (Alfametildopa)","Comprimido","500 mg","C02AB02","","3.3","","True",""
"501","N0606","N","6","6","Metilfenidato","Comprimido","10 mg","N06BA04","","16.45","","True",""
"502","H0207","H","2","7","Metilprednisolona succinato sódico","Inyectable","500 mg","H02AB04","","186.79721682847895","","True",""
"503","A0307","A","3","7","Metoclopramida","Comprimido","10 mg","A03FA01","","0.38397008659848697","","True",""
"504","A0308","A","3","8","Metoclopramida","Inyectable","10mg / 2ml","A03FA01","","2.86","2 ml","True",""
"505","A0309","A","3","9","Metoclopramida","Solución oral gotas","0,35% o 0,5%","A03FA01","","18.061175634517767","","True",""
"506","L0124","L","1","24","Metotrexato","Inyectable","50 mg","L01BA01","","128.875","","True",""
"507","L0125","L","1","25","Metotrexato","Inyectable","500 mg","L01BA01","","244.86","","True",""
"508","L0126","L","1","26","Metotrexato","Comprimido","2,5 mg","L01BA01","","3.52","","True",""
"509","G0104","G","1","4","Metronidazol","Óvulo","500 mg","G01AF01","","3.28","","True",""
"510","P0106","P","1","6","Metronidazol","Suspensión","250 mg/5 ml","P01AB01","","27","100 ml","True",""
"511","P0107","P","1","7","Metronidazol","Inyectable","500 mg","P01AB01","","12.68","","True",""
"512","P0108","P","1","8","Metronidazol","Suspensión","125 mg/5 ml","P01AB01","","14.2","","True",""
"513","P0109","P","1","9","Metronidazol","Comprimido","500 mg","P01AB01","","0.62424418632695489","","True",""
"514","L0407","L","4","7","Micofenolato de mofetilo","Comprimido","500 mg","L04AA06","R","5.47","","True",""
"515","B0305","B","3","5","Micronutrientes (Vit. C + Vit A + Fe + Zn + Ac. Fólico) (Chispitas nutricionales)","Polvo","Según concentración estándar","B03AE10","","0.46","","True",""
"516","N0511","N","5","11","Midazolam","Inyectable","15 mg/3 ml","N05CD08","","20.5","","True",""
"517","G0210","G","2","10","Mifepristona","Comprimido","200 mg","G03XB01","","172.65","","True",""
"518","C0116","C","1","16","Milrinona","Inyectable","1 mg/ml","C01CE02","R","219.17615290669272","12 ml","True",""
"519","J0173","J","1","73","Minociclina","Comprimido","100 mg","J01AA08","R","11.03499604001979","","True",""
"520","A0206","A","2","6","Misoprostol","Comprimido","200 mcg","A02BB01","R","9.1125000000000007","","True",""
"521","G0208","G","2","8","Misoprostol","Comprimido vaginal","25 mcg","G02AD06","R","5.9","","True",""
"522","L0127","L","1","27","Mitomicina","Inyectable","20 mg","L01DC03","","717.65506465517251","","True",""
"523","M0302","M","3","2","Mivacuronio","Inyectable","2 mg/ml","M03AC10","","118.83","","True",""
"524","R0313","R","3","13","Montelukast","Comprimido o Cápsula","10 mg","R03DC03","","5.84","","True",""
"525","R0314","R","3","14","Montelukast","Comprimido","5 mg","R03DC03","","4.7","","True",""
"526","N0206","N","2","6","Morfina","Cápsula o Comprimido","10 mg","N02AA01","","4.1388928396272684","","True",""
"527","N0207","N","2","7","Morfina (con y sin conservante)","Inyectable","10 mg/ml","N02AA01","","18.232623438822003","1 ml","True",""
"528","J0172","J","1","72","Moxifloxacina","Comprimido","400 mg","J01MA14","R","3.45","","True",""
"529","A1109","A","11","9","Multivitaminas","Comprimido","Según concentración estándar","A11AA03","","0.63031030326650206","","True",""
"530","A1110","A","11","10","Multivitaminas","Jarabe","Según concentración estándar","A11AA03","","23.02","100 ml","True",""
"531","A1120","A","11","20","Multivitaminas","Polvo liofilizado","Según disponibilidad","A11AA03","","50","","True",""
"532","V0316","V","3","16","N-acetilcisteina","Polvo vía oral","600 mg","V03AB23","R","11.1","","True",""
"533","V0315","V","3","15","N-acetilcisteina","Polvo vía oral","200 mg","V03AB23","R","8.5","","True",""
"534","S0119","S","1","19","Nafazolina clorhidrato","Solución oftálmica","0,1%","S01GA01","","20.727727232953718","15 ml","True",""
"535","V0309","V","3","9","Naloxona","Inyectable","0,4 mg/ml","V03AB15","","63","","True",""
"536","N0216","N","2","16","Naratriptan","Comprimido","2,5 mg","N02CC02","","12.5","","True",""
"537","N0705","N","7","5","Neostigmina","Inyectable","0,5 mg/ml","N07AA01","","8.3249999999999993","","True",""
"538","J0521","J","5","21","Nevirapina","Suspensión","10 mg/ml","J05AG01","","20.75","","True",""
"539","P0206","P","2","6","Niclosamida","Comprimido","500 mg","P02DA01","","7.58","","True",""
"540","C0808","C","8","8","Nifedipino","Comprimido o Cápsula","10 mg","C08CA05","","0.51","","True",""
"541","P0110","P","1","10","Nifurtimox","Comprimido","120 mg","P01CC01","","17.05","","True",""
"542","P0129","P","1","29","Nifurtimox","Comprimido","30 mg","P01CC01","","0.6","","True",""
"543","P0130","P","1","30","Nifurtimox","Comprimido","250 mg","P01CC01","","2.02","","True",""
"544","C0802","C","8","2","Nimodipina","Comprimido","30 mg","C08CA06","","0.93","","True",""
"545","C0803","C","8","3","Nimodipina","Inyectable","0,2 mg/ml","C08CA06","","172.53444999999999","50 ml","True",""
"546","L0154","L","1","54","Nimotuzumab","Inyectable","50 mg","L01XC99","R","68.97","","True",""
"547","A0703","A","7","3","Nistatina","Comprimido","500.000 UI","A07AA02","","0.97","","True",""
"548","A0704","A","7","4","Nistatina","Suspensión","500.000 UI/5 ml","A07AA02","","31.893000000000001","","True",""
"549","D0104","D","1","4","Nistatina","Crema o Pomada","100.000 UI/g","D01AA01","","13.35118483412322","10 g","True",""
"550","G0105","G","1","5","Nistatina","Óvulo","100.000 UI","G01AA01","","1.1499999999999999","","True",""
"551","P0111","P","1","11","Nitazoxanida","Comprimido","500 mg","P01AX11","","6.1","","True",""
"552","P0126","P","1","26","Nitazoxanida","Jarabe","100 mg / 5 ml","P01AX11","","27.914999999999999","","True",""
"553","D0809","D","8","9","Nitrofural (Nitrofurazona)","Crema o Pomada","0,2% (450 g)","D08AF01","","179.02862500000001","","True",""
"554","J0151","J","1","51","Nitrofurantoína","Comprimido","100 mg","J01XE01","","1.5","","True",""
"555","J0152","J","1","52","Nitrofurantoína","Suspensión","25 mg/5 ml","J01XE01","","24.225000000000001","","True",""
"556","C0112","C","1","12","Nitroglicerina (Trinitrato de glicerol)","Inyectable","5 mg/ml","C01DA02","","61.72","10 ml","True",""
"557","C0205","C","2","5","Nitroprusiato de sodio","Inyectable","25 mg/ml","C02DD01","","200","2 ml","True",""
"558","C0115","C","1","15","Noradrenalina","Inyectable","1 mg/ml","C01CA03","","28.8","","True",""
"559","G0315","G","3","15","Noretisterona","Comprimido","5 mg","G03DC02","","1.06","","True",""
"560","G0316","G","3","16","Norgestrel + Etinilestradiol","Comprimido","0,3 mg + 0,03 mg ó 0,5 mg + 0,05 mg","G03FB01","","6.32","","True",""
"561","J0153","J","1","53","Ofloxacina","Comprimido","400 mg","J01MA01","R","0.82","","True",""
"562","J0159","J","1","59","Ofloxacina","Comprimido","200 mg","J01MA01","R","0.71","","True",""
"563","B0511","B","5","11","Oligoelementos para nutricion parenteral","Solución parenteral de gran volúmen","Según disponibilidad","B05BA10","","45.83","","True",""
"564","A0202","A","2","2","Omeprazol","Cápsula","20 mg","A02BC01","","0.6573","","True",""
"565","A0205","A","2","5","Omeprazol","Inyectable","40 mg/ml","A02BC01","","19.47","10 ml","True",""
"566","A0401","A","4","1","Ondansetrón","Inyectable","8 mg","A04AA01","","15.61","","True",""
"567","A0402","A","4","2","Ondansetrón","Comprimido","8 mg","A04AA01","","9.7399999999999984","","True",""
"568","J0536","J","5","36","Oseltamivir","Cápsula","75 mg","J05AH02","R","23.75","","True",""
"569","J0547","J","5","47","Oseltamivir","Suspensión","30 mg/5 ml","J05AH02","R","158.095","","True",""
"570","J0548","J","5","48","Oseltamivir","Suspensión","12 mg/ml","J05AH02","R","13.53","","True",""
"571","L0134","L","1","34","Oxaliplatino","Inyectable","50 mg","L01XA03","","226.88","","True",""
"572","L0135","L","1","35","Oxaliplatino","Inyectable","100 mg","L01XA03","","342.66","","True",""
"573","D0202","D","2","2","Oxido de Zinc con o sin aceite","Pasta o Pomada","Según disponibilidad","D02AB**","","16.25","30 g","True",""
"574","V0310","V","3","10","Oxígeno","Gas","93% - 99%","V03AN01","","15","m3","True",""
"575","G0209","G","2","9","Oxitocina","Inyectable","5 UI/ml o 10 UI/ml","G02AX**","","2.67","10 UI/ml","True",""
"576","L0128","L","1","28","Paclitaxel","Inyectable","30 mg/5 ml","L01CD01","","194.94025806451612","","True",""
"577","L0160","L","1","60","Paclitaxel","Inyectable","300 mg/50 ml","L01CD01","R","1034","","True",""
"578","N0208","N","2","8","Paracetamol (Acetaminofeno)","Comprimido","500 mg","N02BE01","","0.21405208508861259","","True",""
"579","N0209","N","2","9","Paracetamol (Acetaminofeno)","Jarabe","120 mg/5 ml o 125 mg/5 ml","N02BE01","","10.735377345474614","","True",""
"580","N0210","N","2","10","Paracetamol (Acetaminofeno)","Gotas","100 mg/ml","N02BE01","","6.9517148614046373","15 ml","True",""
"581","N0211","N","2","11","Paracetamol (Acetaminofeno)","Supositorio","100 mg","N02BE01","","1.76","","True",""
"582","N0212","N","2","12","Paracetamol (Acetaminofeno)","Comprimido","100 mg","N02BE01","","0.3","","True",""
"583","N0218","N","2","18","Paracetamol (Acetaminofeno)","Inyectable","1 gr","N02BE01","","74.454999999999998","1000Mg/100ml","True",""
"584","L0157","L","1","57","Pazopanib","Comprimido","200 mg","L01XE11","R","278.83","","True",""
"585","L0161","L","1","61","Pegaspargasa","Plegable Frasco Vial","750 mg/ml","L01XX24","R","8765.31","","True",""
"586","M0108","M","1","8","Penicilamina","Comprimido","250 mg","M01CC01","","13.04","","True",""
"587","P0112","P","1","12","Pentamidina","Inyectable","200 mg","P01CX01","","503.59","","True",""
"588","P0113","P","1","13","Pentamidina","Inyectable","300 mg","P01CX01","","816.69","","True",""
"589","P0302","P","3","2","Permetrina","Loción","0.01","P03AC04","","28.43","","True",""
"590","P0303","P","3","3","Permetrina","Crema o Pomada","0.05","P03AC04","","61.23","","True",""
"591","D1002","D","10","2","Peróxido de Benzoílo","Loción","0.05","D10AE01","","85.11","","True",""
"592","D1003","D","10","3","Peróxido de Benzoílo","Crema, Pomada o Gel","0.05","D10AE01","","64.8","90 g","True",""
"593","D0810","D","8","10","Peróxido de hidrógeno (Agua oxigenada)","Solución","2% o 3%","D08AX01","","16.39","1 L","True",""
"594","L0158","L","1","58","Pertuzumab","Inyectable","420 mg/14 ml","L01XC13","R","28476.1","","True",""
"595","N0213","N","2","13","Petidina (Meperidina)","Inyectable","100 mg","N02AB02","","50.31","2 ml","True",""
"596","J0175","J","1","75","Piperacilina + Tazobactam","Inyectable","4 g/500 mg","J01CR05","R","108","","True",""
"597","P0207","P","2","7","Pirantel pamoato","Comprimido","250 mg","P02CC01","","2.16","","True",""
"598","P0208","P","2","8","Pirantel pamoato","Suspensión","250 mg/5 ml","P02CC01","","15.09","15 ml","True",""
"599","J0408","J","4","8","Pirazinamida","Comprimido","500 mg","J04AK01","R","0.292381","","True",""
"600","J0427","J","4","27","Pirazinamida","Comprimido dispersable","150 mg","J04AK01","R","0.63","","True",""
"601","N0706","N","7","6","Piridostigmina","Comprimido","60 mg","N07AA02","","5.5","","True",""
"602","A1111","A","11","11","Piridoxina clorhidrato (Vitamina B6)","Comprimido","300 mg","A11HA02","","3.0649999999999999","","True",""
"603","A1112","A","11","12","Piridoxina clorhidrato (Vitamina B6)","Inyectable","300 mg","A11HA02","","5.0999999999999996","","True",""
"604","P0114","P","1","14","Pirimetamina","Comprimido","25 mg","P01BD01","","0.21","","True",""
"605","P0209","P","2","9","Prazicuantel","Comprimido","600 mg","P02BA01","","3.6","","True",""
"606","H0208","H","2","8","Prednisona","Comprimido","5 mg","H02AB07","","0.60809155545469973","","True",""
"607","H0209","H","2","9","Prednisona","Comprimido ranurado","20 mg","H02AB07","","1.1366026946107786","","True",""
"608","H0210","H","2","10","Prednisona","Suspensión","1 mg/ml","H02AB07","","53.71","100 ml","True",""
"609","N0319","N","3","19","Pregabalina","Comprimido o Cápsula","50 mg","N03AX16","R","6.54","","True",""
"610","N0320","N","3","20","Pregabalina","Comprimido o Cápsula","75 mg","N03AX16","R","9.4898484822712525","","True",""
"611","N0321","N","3","21","Pregabalina","Comprimido o Cápsula","150 mg","N03AX16","R","19.57","","True",""
"612","P0115","P","1","15","Primaquina (base)","Comprimido","15 mg","P01BA03","","0.16402600000000001","","True",""
"613","P0116","P","1","16","Primaquina (base)","Suspensión","15 mg/5 ml","P01BA03","","31.59","","True",""
"614","P0120","P","1","20","Primaquina (base)","Comprimido","5 mg","P01BA03","","0.12","","True",""
"615","G0322","G","3","22","Progesterona","Cápsula","200 mg","G03DA04","","7.77","","True",""
"616","H0302","H","3","2","Propiltiouracilo","Comprimido","50 mg","H03BA02","","1.96","","True",""
"617","A0310","A","3","10","Propinoxato","Comprimido","10 mg","A03AC**","","2.5549999999999997","","True",""
"618","A0311","A","3","11","Propinoxato","Inyectable","5 mg/ml","A03AC**","","8.59","2 ml","True",""
"619","N0113","N","1","13","Propofol","Inyectable","10 mg/ml","N01AX10","","73.939617091690351","20 ml","True",""
"620","C0702","C","7","2","Propranolol","Comprimido","40 mg","C07AA05","","0.33","","True",""
"621","C0703","C","7","3","Propranolol","Inyectable","1 mg/ml","C07AA05","","37.659999999999997","","True",""
"622","V0313","V","3","13","Protamina Sulfato","Inyectable","10 mg/ml","V03AB14","","157.5","","True",""
"623","V0601","V","6","1","Proteinas para alimentación enteral (alimento)","Polvo","Según disponibilidad","V06DB**","","126.751108033241","","True",""
"624","S0120","S","1","20","Proximetacaina (Proparacaina)","Solución oftálmica","0,5%","S01HA04","","125.93799999999999","","True",""
"625","N0518","N","5","18","Quetiapina","Comprimido","100 mg","N05AH04","R","10.42","","True",""
"626","P0117","P","1","17","Quinina (bisulfato o sulfato)","Comprimido","300 mg","P01BC01","","0.83","","True",""
"627","P0118","P","1","18","Quinina (diclorhidrato)","Inyectable","600 mg","P01BC01","","27.51","","True",""
"628","N0116","N","1","16","Remifentanilo","Inyectable","5 mg","N01AH06","","147.28738547709543","","True",""
"629","D0601","D","6","1","Resina de Podofilo (Podofilina)","Solución tópica","10% o 25%","D06BB04","","35","25% 15ml","True",""
"630","D1004","D","10","4","Resorcinol","Crema o Pomada","0.1","D10AX02","","22.67","10 g","True",""
"631","A1113","A","11","13","Retinol (Vitamina A)","Cápsula o Perla","10.000 UI","A11CA01","","0.8","","True",""
"632","A1114","A","11","14","Retinol (Vitamina A)","Cápsula o Perla","25.000 UI","A11CA01","","0.89","","True",""
"633","A1115","A","11","15","Retinol (Vitamina A)","Cápsula o Perla","100.000 UI","A11CA01","","1.46","","True",""
"634","A1116","A","11","16","Retinol (Vitamina A)","Cápsula o Perla","200.000 UI","A11CA01","","1.1758944582595174","","True",""
"635","J0409","J","4","9","Rifampicina","Suspensión","100 mg/5 ml","J04AB02","","28.6","","True",""
"636","J0410","J","4","10","Rifampicina","Cápsula o Comprimido","300 mg","J04AB02","","1.73","","True",""
"637","J0417","J","4","17","Rifampicina","Cápsula o Comprimido","150 mg","J04AB02","R","1.25","","True",""
"638","J0428","J","4","28","Rifampicina","Solución oral","20 mg/ml","J04AB02","R","48.3","","True",""
"639","J0429","J","4","29","Rifampicina + Isoniazida","Comprimido dispersable","75 mg + 50 mg","J04AM02","R","0.36","","True",""
"640","J0414","J","4","14","Rifampicina + Isoniazida (INH)","Comprimido","300 mg + 150 mg","J04AM02","R","0.24402599999999999","","True",""
"641","J0422","J","4","22","Rifampicina, Clofazimina, Dapsona","Comprimido","300 mg + 50 mg + 50 mg","104BA","R","13.4","","True",""
"642","J0423","J","4","23","Rifampicina, Clofazimina, Dapsona","Comprimido","300 mg + 100 mg + 100 mg","J04BA","R","22.22","","True",""
"643","J0420","J","4","20","Rifampicina, Dapsona","Comprimido","300 mg + 50 mg","J04BA","R","2","","True",""
"644","J0421","J","4","21","Rifampicina, Dapsona","Comprimido","300 mg + 100 mg","J04BA","R","1.99","","True",""
"645","N0512","N","5","12","Risperidona","Comprimido","3 mg","N05AX08","","4.9800000000000004","","True",""
"646","J0522","J","5","22","Ritonavir","Cápsula blanda","100 mg","J05AE03","","17.86","","True",""
"647","L0141","L","1","41","Rituximab","Inyectable","500 mg/50 ml","L01XC02","R","9393.85","","True",""
"648","L0156","L","1","56","Rituximab","Inyectable","100 mg/10ml","L01XC02","R","4500","","True",""
"649","B0107","B","1","7","Rivaroxabán","Comprimido","10 mg","B01AX06","R","20.67","","True",""
"650","M0303","M","3","3","Rocuronio bromuro","Inyectable","10 mg/ml","M03AC09","","79.702500000000001","","True",""
"651","C1003","C","10","3","Rosuvastatina","Comprimido","20 mg","C10AA07","","12.02","","True",""
"652","R0304","R","3","4","Salbutamol","Solución para nebulización","5 mg/ml","R03AC02","","54.128827190627291","","True",""
"653","R0305","R","3","5","Salbutamol","Comprimido","4 mg","R03CC02","","0.71","","True",""
"654","R0306","R","3","6","Salbutamol","Aerosol","0,1 mg/inhalación","R03AC02","","21.03096697016155","200 dósis","True",""
"655","A0706","A","7","6","Sales de rehidratación oral (SRO) baja osmolaridad","Sobres","Según concentración estándar","A07CA**","","2.4824546073175773","","True",""
"656","R0311","R","3","11","Salmeterol + Fluticasona","Aerosol","25 mcg + 125 mcg","R03AK06","","161.34216534748197","120 dósis","True",""
"657","N0114","N","1","14","Sevoflurano (Trifluorometil etil)","Solución","250 ml","N01AB08","","1930","","True",""
"658","C0208","C","2","8","Sildenafilo","Comprimido","50 mg","C02KX","","4.72","","True",""
"659","A0312","A","3","12","Simeticona","Suspensión","3% o 4%","A03AX13","","22.35","30ml","True",""
"660","A0313","A","3","13","Simeticona","Comprimido","100 mg","A03AX13","","1.9699999999999998","","True",""
"661","J0541","J","5","41","Sofosbuvir","Comprimido","400 mg","J05AX15","","380.51","","True",""
"662","B0513","B","5","13","Solucion Acida","Solución","Según disponibilidad","B05Z**","","120.89","10 L","True",""
"663","B0514","B","5","14","Solución Básica","Solución","Según disponibilidad","B05Z**","","120.97","10 L","True",""
"664","B0515","B","5","15","Solución de glucosa","Solución parenteral de gran volumen","5% (500 ml)","B05CX01","","11.777005292441309","","True",""
"665","B0516","B","5","16","Solución de glucosa","Solución parenteral de gran volumen","5% (1.000 ml)","B05CX01","","13.44","","True",""
"666","B0517","B","5","17","Solución de glucosa","Solución parenteral de gran volumen","10% (500 ml)","B05CX01","","9.7447515709484165","","True",""
"667","B0518","B","5","18","Solución de glucosa","Solución parenteral de gran volumen","10% (1.000 ml)","B05CX01","","10.694316802368617","","True",""
"668","B0519","B","5","19","Solución de glucosa","Solución parenteral de gran volumen","50% (500 ml)","B05CX01","","22.140563044256233","","True",""
"669","B0520","B","5","20","Solución de glucosa","Inyectable","50% (20 ml)","B05CX01","","6.76","","True",""
"670","B0536","B","5","36","Solución de glucosa","Solución parenteral","10% (250 ml)","B05CX01","","16.7","","True",""
"671","B0521","B","5","21","Solución de Manitol","Solución parenteral de gran volumen","20% (500 ml)","B05CX04","","23.9","","True",""
"672","V0701","V","7","1","Solución de preservación de órganos sòlidos HTK","Soluciòn","Según disponibilidad","V07AB","R","3904","","True",""
"673","B0522","B","5","22","Solución Fisiológica","Solución parenteral de gran volumen","0,9% (500 ml)","B05CB01","","10.407477587945175","","True",""
"674","B0523","B","5","23","Solución Fisiológica","Solución parenteral de gran volumen","0,9% (1.000 ml)","B05CB01","","10.71","","True",""
"675","B0534","B","5","34","Solución Fisiológica","Solución parenteral","0,9% (150 ml)","B05CB01","","10.61","","True",""
"676","B0537","B","5","37","Solución Fisiológica","Solución parenteral","0,9% (100 ml)","B05CB01","","7.05","","True",""
"677","S0121","S","1","21","Solución Fisiológica","Solución Nasal","0,9% (15 a 30 ml)","S01X**","","30.47","15 ml","True",""
"678","B0524","B","5","24","Solución glucosada clorurada","Solución parenteral de gran volumen","500 ml","B05CB10","","13.164999999999999","","True",""
"679","B0525","B","5","25","Solución glucosada clorurada","Solución parenteral de gran volumen","1.000 ml","B05CB10","","10.54","1.000 ml","True",""
"680","B0535","B","5","35","Solución para diálisis intraperitoneal (de acuerdo a composición apropiada)","Solución parenteral","Según disponibilidad","B05D**","R","155.68","123.24Bs (2000 ml) 155,68Bs (6000 ml)","True",""
"681","B0526","B","5","26","Solución para dialisis peritoneal I","Solución parenteral de gran volumen","1.000 ml","B05DB**","","14.734999999999999","","True",""
"682","B0527","B","5","27","Solución para dialisis peritoneal II","Solución parenteral de gran volumen","1.000 ml","B05DB**","","18.43","","True",""
"683","B0529","B","5","29","Solución ringer lactato","Solución parenteral de gran volumen","500 ml","B05XA30","","10.046115088200033","","True",""
"684","B0530","B","5","30","Solución ringer lactato","Solución parenteral de gran volumen","1.000 ml","B05XA30","","13.52","","True",""
"685","B0531","B","5","31","Solución ringer normal","Solución parenteral de gran volumen","500 ml","B05XA30","","10.395","","True",""
"686","B0532","B","5","32","Solución ringer normal","Solución parenteral de gran volumen","1.000 ml","B05XA30","","13.896619829213659","","True",""
"687","H0104","H","1","4","Somatropina","Inyectable","4UI (1,33 mg)","H01AC01","R","SPR","","False","precio no numerico o ausente"
"688","A0207","A","2","7","Sucralfato","Suspensión","1g/5 ml","A02BX02","","105.05500000000001","200 ml","True",""
"689","J0610","J","6","10","Suero Antiescorpionico","Inyectable","Según disponibilidad","J06B**","","224","","True",""
"690","J0606","J","6","6","Suero Antilatrodectus","Inyectable","Según disponibilidad","J06****","","160","","True",""
"691","J0607","J","6","7","Suero Antiofídico Botrópico Crotàlico","Inyectable","Según disponibilidad","J06AA03","","211","","True",""
"692","J0608","J","6","8","Suero Antiofídico Botrópico Laquésico","Inyectable","Según disponibilidad","J06AA03","","211","","True",""
"693","J0609","J","6","9","Suero Antirràbico (heterólogo)","Inyectable","Según disponibilidad","J06AA06","","138","","True",""
"694","D0602","D","6","2","Sulfadiazina de plata","Crema o Pomada","0.01","D06BA01","","48.1","60 g Bs 48.10. 500 g Bs 202","True",""
"695","P0119","P","1","19","Sulfadoxina + Pirimetamina","Comprimido","500 mg + 25 mg","P01BD51","","0.32","","True",""
"696","V0808","V","8","8","Sulfato de Bario","Suspensión","Según disponibilidad","V08BA02","","235","","True",""
"697","V0809","V","8","9","Sulfato de Bario","Polvo para enema","Según disponibilidad","V08BA02","","280.75","","True",""
"698","A0608","A","6","8","Sulfato de Magnesio","Granulado","20 g a 30 g","A06AD04","","2.08","30 g","True",""
"699","B0533","B","5","33","Sulfato de Magnesio","Inyectable","0.1","B05XA05","","5.2","10 ml","True",""
"700","B0306","B","3","6","Sulfato ferroso","Comprimido","200 mg","B03AA07","","0.37","","True",""
"701","B0307","B","3","7","Sulfato ferroso","Solución oral","125 mg/ml","B03AA07","","12.86","","True",""
"702","B0308","B","3","8","Sulfato ferroso + Ac. Fólico + Vitamina C","Comprimido","200 mg + 0,5 mg + 150 mg","B03AE10","","0.45","","True",""
"703","B0309","B","3","9","Sulfato ferroso + Ac. Fólico + Vitamina C","Solución oral","125 mg + 0,25 mg + 30 mg","B03AE10","","7.47","30 ml","True",""
"704","R0701","R","7","1","Surfactante pulmonar","Inyectable","25 a 35 mg/ml","R07AA02","","2886.0149999999999","","True",""
"705","M0304","M","3","4","Suxametonio (Succinil colina)","Inyectable","500 mg","M03AB01","","82.88","","True",""
"706","L0410","L","4","10","Tacrolimus","Cápsula","1 mg","L04AA05","R","10.091444444444445","","True",""
"707","L0408","L","4","8","Talidomida","Comprimido","100 mg","L04AX02","R","16.133333333332999","","True",""
"708","L0205","L","2","5","Tamoxifeno","Comprimido","20 mg","L02BA01","","4.32","","True",""
"709","C0905","C","9","5","Telmisartán","Comprimido","40 mg","C09CA07","","6.18","","True",""
"710","C0906","C","9","6","Telmisartán","comprimido","80 mg","C09CA07","","6.91","","True",""
"711","C0907","C","9","7","Telmisartan + hidroclorotiazida","Comprimido","40 mg + 12.5 mg","C09DA07","","7.85","","True",""
"712","C0908","C","9","8","Telmisartan + hidroclorotiazida","Comprimido","80 mg + 12.5 mg","C09DA07","","9.1999999999999993","","True",""
"713","C0909","C","9","9","Telmisartan + hidroclorotiazida","Comprimido","80 mg + 25 mg","C09DA07","","11.14","","True",""
"714","L0151","L","1","51","Temozolomida","Cápsula","20 mg","L01AX03","R","105.73","","True",""
"715","L0152","L","1","52","Temozolomida","Cápsula","100 mg","L01AX04","R","286.74597744360904","","True",""
"716","L0153","L","1","53","Temozolomida","Cápsula","250 mg","L01AX05","R","858","","True",""
"717","B0108","B","1","8","Tenecteplasa","Polvo para Inyectable","50 mg","B01AD11","R","6626.77","","True",""
"718","J0554","J","5","54","Tenofovir disoproxil fumarate + Lamivudine","Comprimido recubierto","300 mg + 300 mg","J05AR12","","0.66","","True",""
"719","J0528","J","5","28","Tenofovir disoproxilo","Comprimido","245 mg (Equiv. a 300 mg como fumarato)","J05AF07","","2.36","","True",""
"720","R0308","R","3","8","Teofilina","Comprimido","300 mg","R03DA04","","4.3133333333333335","","True",""
"721","D0108","D","1","8","Terbinafina","Comprimido","250 mg","D01AE15","","19.75","","True",""
"722","H0103","H","1","3","Terlipresina","Inyectable","1 mg","H01BA04","R","875.16","","True",""
"723","G0318","G","3","18","Testosterona undecanoato","Inyectable","1.000 mg","G03BA03","","1520.65","","True",""
"724","J0154","J","1","54","Tetraciclina","Cápsula o Comprimido","500 mg","J01AA07","","1.3","","True",""
"725","D0105","D","1","5","Tiabendazol","Crema o Pomada","0.05","D01AC06","","15.37","20 g","True",""
"726","P0210","P","2","10","Tiabendazol","Comprimido","500 mg","P02CA02","","2.1","","True",""
"727","P0211","P","2","11","Tiabendazol","Suspensión","500 mg/5 ml","P02CA02","","24","30 ml","True",""
"728","H0304","H","3","4","Tiamazol (Metimazol)","Comprimido","20 mg","H03BB02","","2.6192500000000001","","True",""
"729","A1117","A","11","17","Tiamina (Vitamina B 1)","Comprimido","300 mg","A11DA01","","1.5859374225945193","","True",""
"730","A1118","A","11","18","Tiamina (Vitamina B 1)","Inyectable","100 mg/ml","A11DA01","","3.04","","True",""
"731","S0122","S","1","22","Timolol maleato","Solución oftálmica","0,5%","S01ED01","","41.821780645944791","","True",""
"732","N0115","N","1","15","Tiopental sódico","Inyectable","1 g","N01AF03","","36.848222222222219","","True",""
"733","N0513","N","5","13","Tioridazina","Suspensión","100 mg/5 ml","N05AC02","","33.71","","True",""
"734","N0514","N","5","14","Tioridazina","Comprimido","100 mg","N05AC02","","4.2","","True",""
"735","A1119","A","11","19","Tocoferol (Vitamina E)","Cápsula blanda","1.000 UI","A11HA03","","2.57718765708705","","True",""
"736","J0701","J","7","1","Toxoide tetánico adsorbido","Inyectable","120 UI/ml","J07AM01","","42","","True",""
"737","N0215","N","2","15","Tramadol","Comprimido","50 mg","N02AX02","","3.7399999999999998","","True",""
"738","N0214","N","2","14","Tramadol","Inyectable","100 mg/2 ml","N02AX02","","9.4550000000000001","","True",""
"739","N0217","N","2","17","Tramadol","Solución para gotas orales","100 mg/ml","N02AX02","","96.662374230354573","","True",""
"740","L0142","L","1","42","Trastuzumab","Inyectable","440 mg","L01XC03","R","9000","20 ml","True",""
"741","L0143","L","1","43","Trastuzumab","Inyectable","600 mg","L01XC03","R","19539.7","5 ml","True",""
"742","P0212","P","2","12","Triclabendazol","Comprimido","250 mg","P02BX04","","343.15","","True",""
"743","L0207","L","2","7","Triptorelina","Inyectable","11,25 mg","L02AE04","","4759.18","","True",""
"744","L0208","L","2","8","Triptorelina","Inyectable","22,5 mg","L02AE04","R","8720.8444999999992","","True",""
"745","D0301","D","3","1","Trolamina","Emulsión dermica","0,67%","D03AX12","R","183","","True",""
"746","S0123","S","1","23","Tropicamida","Solución oftálmica","0.01","S01FA06","","86.33","","True",""
"747","D0203","D","2","3","Ungüento dérmico eucalipto mentol","Ungüento o crema","Según disponibilidad","D02AX**","","7.99","","True",""
"748","J0702","J","7","2","Vacuna antiamarílica","Inyectable","Norma PAI (20 dosis)","J07BL01","","10.14","","True",""
"749","J0703","J","7","3","Vacuna antiamarílica","Inyectable","Norma PAI (10 dosis)","J07BL01","","9.89","","True",""
"750","J0704","J","7","4","Vacuna antiamarílica","Inyectable","Norma PAI (5 dosis)","J07BL01","","8.75","","True",""
"751","J0705","J","7","5","Vacuna antihepatitis B","Inyectable","Norma PAI","J07BC01","","2.96","","True",""
"752","J0722","J","7","22","Vacuna antineumococo (13 valente)","Inyectable","Norma PAI (Unidosis)","J07AL02","","98.997600000000006","","True",""
"753","J0723","J","7","23","Vacuna antipoliomielítica bivalente","Solución oral","Norma PAI","J07BF04","","1.1299999999999999","","True",""
"754","J0724","J","7","24","Vacuna antipoliomielítica inactivada","Inyectable","Norma PAI","J07BF03","","17.22","","True",""
"755","J0718","J","7","18","Vacuna Antirotavírica","Solución oral","Norma PAI Multidosis","J07BH01","","66.53","","True",""
"756","J0719","J","7","19","Vacuna Antirotavírica","Solución oral","Norma PAI (Unidosis)","J07BH01","","58.93","","True",""
"757","J0708","J","7","8","Vacuna Antirrábica","Inyectable","1 UI/ml","J07BG01","","54.25","10 dósis","True",""
"758","J0725","J","7","25","Vacuna Antirrábica de uso Humano (Cultivo Celular)","Inyectable","2,5 U.I./0,5 ml","J07BG01","","382.5","","True",""
"759","J0711","J","7","11","Vacuna BCG","Inyectable","Norma PAI","J07AN01","","1.31","","True",""
"760","J0727","J","7","27","Vacuna contra COVID-19","Inyectable","Norma PAI","J07BX03","","SPR","","False","precio no numerico o ausente"
"761","J0721","J","7","21","Vacuna contra Influenza (Adulto)","Inyectable","Norma PAI (10 dosis)","J07BB","","25.38","","True",""
"762","J0720","J","7","20","Vacuna contra Influenza (Pediátrica)","Inyectable","Norma PAI (10 dosis)","J07BB","","19.796399999999998","","True",""
"763","J0726","J","7","26","Vacuna cuadrivalente recombinante contra el Virus del Papiloma Humano","Inyectable","Norma PAI","J07BM01","","40.79","","True",""
"764","J0712","J","7","12","Vacuna doble dT (difteria, Tétanos)","Inyectable","Norma PAI","J07AM51","","1","","True",""
"765","J0713","J","7","13","Vacuna pentavalente (DPT + Hep. B + H. Influenzae B)","Inyectable","Norma PAI","J07X**","","19.04","","True",""
"766","J0714","J","7","14","Vacuna SR (Sarampión, Rubeola)","Inyectable","Norma PAI","J07BD53","","20.399999999999999","","True",""
"767","J0715","J","7","15","Vacuna SRP (Sarampión, Rubeola; Paperas)","Inyectable","Norma PAI Multidosis","J07BD01","","11.66","","True",""
"768","J0716","J","7","16","Vacuna SRP (Sarampión, Rubeola; Paperas)","Inyectable","Norma PAI (Unidosis)","J07BD01","","21.48","","True",""
"769","J0717","J","7","17","Vacuna Triple DPT (Difteria, Pertusis, Tetanos)","Inyectable","Norma PAI","J07X**","","2.0299999999999998","","True",""
"770","J0529","J","5","29","Valganciclovir","Comprimido","450 mg","J05AB14","R","248.745","","True",""
"771","J0155","J","1","55","Vancomicina","Inyectable","500 mg","J01XA01","R","26.589444444444446","","True",""
"772","D0204","D","2","4","Vaselina liquida","Solución 1 l","Según disponibilidad","D02AC**","","68.47","1 L","True",""
"773","D0205","D","2","5","Vaselina sólida","Pasta 1 kg","Según disponibilidad","D02AC**","","60","","True",""
"774","C0804","C","8","4","Verapamilo","Comprimido","80 mg","C08DA01","","0.6","","True",""
"775","L0139","L","1","39","Vinblastina","Inyectable","10 mg","L01CA01","","382.09852071005918","","True",""
"776","L0130","L","1","30","Vincristina","Inyectable","1 mg/ml","L01CA02","","115.96","1 ml","True",""
"777","L0131","L","1","31","Vinorelbina","Inyectable","50 mg","L01CA04","","1245.605","","True",""
"778","D0107","D","1","7","Violeta de genciana (Cloruro de metilrosanilina)","Solución","0.01","D01AE02","","4.6549999999999994","30 ml","True",""
"779","J0209","J","2","9","Voriconazol","Polvo para inyectable","200 mg","J02AC03","R","651.57107692307693","","True",""
"780","B0105","B","1","5","Warfarina","Comprimido ranurado","5 mg","B01AA03","","0.95","","True",""
"781","J0524","J","5","24","Zidovudina","Inyectable","10 mg/ml","J05AF01","","88.33","","True",""
"782","J0525","J","5","25","Zidovudina","Suspensión oral","10 mg/ml","J05AF01","","42.064999999999998","","True",""
"783","J0527","J","5","27","Zidovudina + Lamivudina","Comprimido","300 mg + 150 mg","J05AF30","","1.48","","True",""
"784","A1205","A","12","5","Zinc (como sulfato)","Jarabe","20 mg/5 ml","A12CB01","","18.865716376497851","","True",""
"785","A1206","A","12","6","Zinc (como sulfato)","Comprimido","20 mg","A12CB01","","0.65","","True",""
"787","*FE DE ERRATAS : en el presente documento se ha identificado que no se especifico el uso restringuido en los siguientes medicamentos","","","","","","","","","","","False","codigo invalido o ausente; medicamento ausente; forma ausente; concentracion ausente; precio no numerico o ausente"
"788","","Co","di","go","Medicamento","Forma Farmacéutica","Concentración","Clasific. A.T.Q.","Uso Restrin- gido","Precio Referencial","Aclaración de Particularidades","False","codigo invalido o ausente; precio no numerico o ausente"
"789","","J","5","50","Abacavir sulfato + Lamivudina","Comprimido dispersable","120 mg + 60 mg","J05AR02","R","0.63","","False","codigo invalido o ausente"
"790","","L","2","9","Abiraterona Acetato","Comprimido","250 mg","L02BX03","R","83.62","","False","codigo invalido o ausente"
"791","","V","3","17","Ácido dimercaptosuccinico","Capsula","100 mg","V03AX","R","84.45","","False","codigo invalido o ausente"
"792","","J","5","51","Dolutegravir","Comprimido dispersable","10 mg","J05AJ03","R","0.33","","False","codigo invalido o ausente"
"793","","J","5","52","Dolutegravir","Comprimido dispersable","50 mg","J05AJ03","R","0.32","","False","codigo invalido o ausente"
"794","","J","5","53","Dolutegravir + Lamivudine + Tenofovir","Comprimido","50 mg + 300 mg + 300 mg","J05AR27","R","0.72","","False","codigo invalido o ausente"
"795","","J","4","24","Etambutol","Comprimido dispersable","100 mg","J04AK02","R","1.36","","False","codigo invalido o ausente"
"796","","J","4","25","Etambutol + Isoniazida + Pirazinamida + Rifampicina","Comprimido","275 mg + 75 mg + 400 mg +150 mg","J04AM06","R","1.1299999999999999","","False","codigo invalido o ausente"
"797","","V","6","8","Formula Infantil","Polvo","Según concentración estándar","V06DF","R","236","","False","codigo invalido o ausente"
"798","","J","4","26","Isoniazida","Comprimido dispersable","100 mg","J04AC01","R","0.67","","False","codigo invalido o ausente"
"799","","V","3","16","N-acetilcisteina","Polvo vía oral","600 mg","V03AB23","R","11.1","","False","codigo invalido o ausente"
"800","","V","3","15","N-acetilcisteina","Polvo vía oral","200 mg","V03AB23","R","8.5","","False","codigo invalido o ausente"
"801","","J","4","27","Pirazinamida","Comprimido dispersable","150 mg","J04AK01","R","0.63","","False","codigo invalido o ausente"
"802","","J","4","28","Rifampicina","Solución oral","20 mg/ml","J04AB02","R","48.3","","False","codigo invalido o ausente"
"803","","J","4","29","Rifampicina + Isoniazida","Comprimido dispersable","75 mg + 50 mg","J04AM02","R","0.36","","False","codigo invalido o ausente"
"805","Ya se corrigio y debe tomarse en cuenta, agradecemos su comprension.","","","","","","","","","","","False","codigo invalido o ausente; medicamento ausente; forma ausente; concentracion ausente; precio no numerico o ausente"
